bodyID,Volume,3DHBSh,Aqua-Calc,Article 1987
0001,0.07977767,81.85,80.58,83.46
0002,0.05086324,52.19,51.37,54.98
0003,0.0579539,59.46,58.53,61.96
0004,0.07496232,76.91,75.71,78.72
0005,0.05347711,54.87,54.01,57.55
0006,0.05352908,54.92,54.06,57.6
0007,0.07996523,82.04,80.76,83.65
0008,0.06207327,63.69,62.69,66.02
0009,0.0532813,54.67,53.81,57.36
0010,0.04794071,49.19,48.42,52.1
0011,0.05946299,61.01,60.06,63.45
0012,0.05474395,56.17,55.29,58.8
0013,0.05046719,51.78,50.97,54.59
0014,0.0593103,60.85,59.9,63.3
0015,0.05749271,58.99,58.07,61.51
0016,0.07428058,76.21,75.02,78.05
0017,0.08854749,90.85,89.43,92.1
0018,0.05999567,61.56,60.6,63.97
0019,0.05682407,58.3,57.39,60.85
0020,0.0620329,63.65,62.65,65.98
0021,0.0554377,56.88,55.99,59.48
0022,0.04866188,49.93,49.15,52.81
0023,0.05225372,53.61,52.78,56.35
0024,0.06614093,67.86,66.8,70.03
0025,0.04351994,44.65,43.96,47.74
0026,0.06389389,65.56,64.53,67.81
0027,0.0645461,66.22,65.19,68.46
0028,0.06266356,64.29,63.29,66.6
0029,0.05561775,57.06,56.17,59.66
0030,0.0805836,82.68,81.39,84.26
0031,0.06002298,61.58,60.62,64.0
0032,0.06975659,71.57,70.45,73.59
0033,0.05479685,56.22,55.34,58.85
0034,0.04754647,48.78,48.02,51.71
0035,0.06261001,64.24,63.24,66.55
0036,0.07559891,77.56,76.35,79.35
0037,0.05121185,52.54,51.72,55.32
0038,0.05929553,60.84,59.89,63.28
0039,0.08448462,86.68,85.33,88.1
0040,0.06688399,68.62,67.55,70.76
0041,0.06545424,67.16,66.11,69.35
0042,0.06896291,70.76,69.65,72.81
0043,0.05827224,59.79,58.85,62.28
0044,0.04437149,45.53,44.82,48.58
0045,0.06337417,65.02,64.01,67.3
0046,0.05296068,54.34,53.49,57.04
0047,0.05849484,60.02,59.08,62.49
0048,0.06387896,65.54,64.52,67.8
0049,0.05871547,60.24,59.3,62.71
0050,0.07484038,76.79,75.59,78.6
0051,0.07794062,79.97,78.72,81.65
0052,0.0765385,78.53,77.3,80.27
0053,0.05751187,59.01,58.09,61.53
0054,0.05872097,60.25,59.31,62.72
0055,0.06593073,67.64,66.59,69.82
0056,0.06162624,63.23,62.24,65.58
0057,0.04903954,50.31,49.53,53.18
0058,0.05715936,58.65,57.73,61.18
0059,0.07623075,78.21,76.99,79.97
0060,0.05663994,58.11,57.21,60.67
0061,0.06018884,61.75,60.79,64.16
0062,0.070128,71.95,70.83,73.96
0063,0.05855267,60.08,59.14,62.55
0064,0.06358202,65.24,64.22,67.51
0065,0.05671494,58.19,57.28,60.74
0066,0.04558221,46.77,46.04,49.77
0067,0.05160638,52.95,52.12,55.71
0068,0.04939318,50.68,49.89,53.53
0069,0.05148192,52.82,52.0,55.59
0070,0.04768902,48.93,48.17,51.85
0071,0.06228396,63.9,62.91,66.23
0072,0.06158445,63.19,62.2,65.54
0073,0.05532195,56.76,55.88,59.37
0074,0.04581558,47.01,46.27,50.0
0075,0.06413558,65.8,64.78,68.05
0076,0.05451568,55.93,55.06,58.57
0077,0.05229212,53.65,52.82,56.38
0078,0.06522454,66.92,65.88,69.12
0079,0.06285271,64.49,63.48,66.79
0080,0.06373907,65.4,64.38,67.66
0081,0.06903931,70.83,69.73,72.88
0082,0.055112,56.54,55.66,59.16
0083,0.07267341,74.56,73.4,76.46
0084,0.05374901,55.15,54.29,57.82
0085,0.06808696,69.86,68.77,71.94
0086,0.05591589,57.37,56.48,59.95
0087,0.04826083,49.52,48.74,52.41
0088,0.05378951,55.19,54.33,57.86
0089,0.06519912,66.89,65.85,69.1
0090,0.07312416,75.03,73.86,76.91
0091,0.06492894,66.62,65.58,68.83
0092,0.05379518,55.19,54.33,57.86
0093,0.07012263,71.95,70.82,73.95
0094,0.06734349,69.09,68.02,71.21
0095,0.06023743,61.8,60.84,64.21
0096,0.06466001,66.34,65.31,68.57
0097,0.08169501,83.82,82.51,85.35
0098,0.06504519,66.74,65.7,68.95
0099,0.05433758,55.75,54.88,58.4
0100,0.05659439,58.07,57.16,60.62
0101,0.06144369,63.04,62.06,65.4
0102,0.05948709,61.03,60.08,63.47
0103,0.06157992,63.18,62.2,65.53
0104,0.05090756,52.23,51.42,55.02
0105,0.06014761,61.71,60.75,64.12
0106,0.0739932,75.92,74.73,77.76
0107,0.07781674,79.84,78.59,81.53
0108,0.04678961,48.01,47.26,50.96
0109,0.05573598,57.19,56.29,59.78
0110,0.06880079,70.59,69.49,72.65
0111,0.04684383,48.06,47.31,51.02
0112,0.05862241,60.15,59.21,62.62
0113,0.06016743,61.73,60.77,64.14
0114,0.04640856,47.62,46.87,50.59
0115,0.0571986,58.69,57.77,61.22
0116,0.07509399,77.05,75.84,78.85
0117,0.05357287,54.97,54.11,57.65
0118,0.05834114,59.86,58.92,62.34
0119,0.0474657,48.7,47.94,51.63
0120,0.07962125,81.69,80.42,83.31
0121,0.05704533,58.53,57.62,61.07
0122,0.05352568,54.92,54.06,57.6
0123,0.05799274,59.5,58.57,62.0
0124,0.05577295,57.22,56.33,59.81
0125,0.05452332,55.94,55.07,58.58
0126,0.05038788,51.7,50.89,54.51
0127,0.05943885,60.98,60.03,63.42
0128,0.06200412,63.62,62.62,65.95
0129,0.04963971,50.93,50.14,53.77
0130,0.05865273,60.18,59.24,62.65
0131,0.06396122,65.62,64.6,67.88
0132,0.05769756,59.2,58.27,61.71
0133,0.0503485,51.66,50.85,54.47
0134,0.05342886,54.82,53.96,57.5
0135,0.04438451,45.54,44.83,48.59
0136,0.05270001,54.07,53.23,56.79
0137,0.06931276,71.11,70.01,73.15
0138,0.05827656,59.79,58.86,62.28
0139,0.05728544,58.77,57.86,61.3
0140,0.04909981,50.38,49.59,53.24
0141,0.04691033,48.13,47.38,51.08
0142,0.05878215,60.31,59.37,62.78
0143,0.04455886,45.72,45.0,48.76
0144,0.05893114,60.46,59.52,62.92
0145,0.07220874,74.09,72.93,76.01
0146,0.04841574,49.67,48.9,52.56
0147,0.04520639,46.38,45.66,49.4
0148,0.05179103,53.14,52.31,55.89
0149,0.07654605,78.54,77.31,80.28
0150,0.05249902,53.86,53.02,56.59
0151,0.06016266,61.73,60.76,64.14
0152,0.06678199,68.52,67.45,70.66
0153,0.06755397,69.31,68.23,71.42
0154,0.06239017,64.01,63.01,66.33
0155,0.05907713,60.61,59.67,63.07
0156,0.04981266,51.11,50.31,53.94
0157,0.06942176,71.23,70.12,73.26
0158,0.05719447,58.68,57.77,61.21
0159,0.06413811,65.81,64.78,68.05
0160,0.06094902,62.53,61.56,64.91
0161,0.05603623,57.49,56.6,60.07
0162,0.06671767,68.45,67.38,70.6
0163,0.05394739,55.35,54.49,58.01
0164,0.0513268,52.66,51.84,55.43
0165,0.06226366,63.88,62.89,66.21
0166,0.05505113,56.48,55.6,59.1
0167,0.05044592,51.76,50.95,54.56
0168,0.05506954,56.5,55.62,59.12
0169,0.05531151,56.75,55.86,59.36
0170,0.05648326,57.95,57.05,60.51
0171,0.05857907,60.1,59.16,62.58
0172,0.06421724,65.89,64.86,68.13
0173,0.04910773,50.38,49.6,53.25
0174,0.06053432,62.11,61.14,64.5
0175,0.05259915,53.97,53.13,56.69
0176,0.06655591,68.29,67.22,70.44
0177,0.07012532,71.95,70.83,73.95
0178,0.07488026,76.83,75.63,78.64
0179,0.06414568,65.81,64.79,68.06
0180,0.05674818,58.22,57.32,60.77
0181,0.06315731,64.8,63.79,67.09
0182,0.06768626,69.45,68.36,71.55
0183,0.0581041,59.61,58.69,62.11
0184,0.05757728,59.07,58.15,61.59
0185,0.06642845,68.16,67.09,70.31
0186,0.06657043,68.3,67.24,70.45
0187,0.06051158,62.08,61.12,64.48
0188,0.05021103,51.52,50.71,54.33
0189,0.06713885,68.88,67.81,71.01
0190,0.06943554,71.24,70.13,73.27
0191,0.05659084,58.06,57.16,60.62
0192,0.06844526,70.22,69.13,72.3
0193,0.06185593,63.46,62.47,65.81
0194,0.05973482,61.29,60.33,63.72
0195,0.06355457,65.21,64.19,67.48
0196,0.08455746,86.76,85.4,88.17
0197,0.05880732,60.34,59.4,62.8
0198,0.06060693,62.18,61.21,64.58
0199,0.04737445,48.61,47.85,51.54
0200,0.06492897,66.62,65.58,68.83
0201,0.05931657,60.86,59.91,63.3
0202,0.06079847,62.38,61.41,64.76
0203,0.04389801,45.04,44.34,48.11
0204,0.07060257,72.44,71.31,74.42
0205,0.0516955,53.04,52.21,55.8
0206,0.05576327,57.21,56.32,59.8
0207,0.05107979,52.41,51.59,55.19
0208,0.05778849,59.29,58.37,61.8
0209,0.05722398,58.71,57.8,61.24
0210,0.05555808,57.0,56.11,59.6
0211,0.06658058,68.31,67.25,70.46
0212,0.04776105,49.0,48.24,51.92
0213,0.05522652,56.66,55.78,59.27
0214,0.04966038,50.95,50.16,53.79
0215,0.04750016,48.74,47.98,51.66
0216,0.05214452,53.5,52.67,56.24
0217,0.06027566,61.84,60.88,64.25
0218,0.06930505,71.11,70.0,73.14
0219,0.05484964,56.28,55.4,58.9
0220,0.06199046,63.6,62.61,65.94
0221,0.05301826,54.4,53.55,57.1
0222,0.04865788,49.92,49.14,52.8
0223,0.06133012,62.92,61.94,65.29
0224,0.06990061,71.72,70.6,73.73
0225,0.05103477,52.36,51.55,55.14
0226,0.05867228,60.2,59.26,62.67
0227,0.05904172,60.58,59.63,63.03
0228,0.05933121,60.87,59.92,63.32
0229,0.05677479,58.25,57.34,60.8
0230,0.04764929,48.89,48.13,51.81
0231,0.07772075,79.74,78.5,81.44
0232,0.07050088,72.33,71.21,74.32
0233,0.06490154,66.59,65.55,68.81
0234,0.05524633,56.68,55.8,59.29
0235,0.06269368,64.32,63.32,66.63
0236,0.06379929,65.46,64.44,67.72
0237,0.06086149,62.44,61.47,64.83
0238,0.05743474,58.93,58.01,61.45
0239,0.06153958,63.14,62.15,65.49
0240,0.05165178,52.99,52.17,55.75
0241,0.0548793,56.31,55.43,58.93
0242,0.06311843,64.76,63.75,67.05
0243,0.05610031,57.56,56.66,60.14
0244,0.07086002,72.7,71.57,74.68
0245,0.05704332,58.53,57.61,61.06
0246,0.07349873,75.41,74.23,77.28
0247,0.0513827,52.72,51.9,55.49
0248,0.0538841,55.29,54.42,57.95
0249,0.06913743,70.94,69.83,72.98
0250,0.05733652,58.83,57.91,61.35
0251,0.07337,75.28,74.1,77.15
0252,0.06225758,63.88,62.88,66.2
0253,0.0653658,67.07,66.02,69.26
0254,0.08200055,84.13,82.82,85.65
0255,0.06697418,68.72,67.64,70.85
0256,0.06224821,63.87,62.87,66.19
0257,0.06032147,61.89,60.92,64.29
0258,0.05715283,58.64,57.72,61.17
0259,0.07194896,73.82,72.67,75.75
0260,0.08180624,83.93,82.62,85.46
0261,0.07277042,74.66,73.5,76.56
0262,0.06867841,70.46,69.37,72.53
0263,0.06706183,68.81,67.73,70.93
0264,0.06536341,67.06,66.02,69.26
0265,0.06430253,65.97,64.95,68.22
0266,0.05814969,59.66,58.73,62.15
0267,0.06776186,69.52,68.44,71.62
0268,0.07029537,72.12,71.0,74.12
0269,0.05176465,53.11,52.28,55.86
0270,0.05532911,56.77,55.88,59.38
0271,0.0476099,48.85,48.09,51.77
0272,0.06061407,62.19,61.22,64.58
0273,0.06745807,69.21,68.13,71.33
0274,0.06841674,70.2,69.1,72.27
0275,0.05944912,60.99,60.04,63.43
0276,0.05820626,59.72,58.79,62.21
0277,0.0596998,61.25,60.3,63.68
0278,0.0768292,78.83,77.6,80.56
0279,0.05084723,52.17,51.36,54.96
0280,0.06763632,69.39,68.31,71.5
0281,0.05996154,61.52,60.56,63.94
0282,0.05454863,55.97,55.09,58.61
0283,0.07277383,74.67,73.5,76.56
0284,0.06101114,62.6,61.62,64.97
0285,0.06299988,64.64,63.63,66.93
0286,0.06312601,64.77,63.76,67.06
0287,0.06105965,62.65,61.67,65.02
0288,0.04609126,47.29,46.55,50.27
0289,0.06651492,68.24,67.18,70.4
0290,0.05381962,55.22,54.36,57.89
0291,0.08407038,86.26,84.91,87.69
0292,0.06621133,67.93,66.87,70.1
0293,0.0651382,66.83,65.79,69.04
0294,0.05441501,55.83,54.96,58.47
0295,0.05598287,57.44,56.54,60.02
0296,0.06389337,65.55,64.53,67.81
0297,0.06954565,71.35,70.24,73.38
0298,0.05633566,57.8,56.9,60.37
0299,0.0471237,48.35,47.59,51.29
0300,0.08388479,86.07,84.72,87.51
0301,0.06325314,64.9,63.89,67.18
0302,0.05098682,52.31,51.5,55.1
0303,0.04692712,48.15,47.4,51.1
0304,0.06416226,65.83,64.8,68.08
0305,0.07018628,72.01,70.89,74.01
0306,0.05901052,60.54,59.6,63.0
0307,0.0528256,54.2,53.35,56.91
0308,0.06722371,68.97,67.9,71.09
0309,0.07005403,71.88,70.75,73.88
0310,0.06762797,69.39,68.3,71.49
0311,0.05168853,53.03,52.21,55.79
0312,0.05806579,59.58,58.65,62.07
0313,0.06939676,71.2,70.09,73.24
0314,0.05282116,54.19,53.35,56.9
0315,0.0619397,63.55,62.56,65.89
0316,0.0831866,85.35,84.02,86.82
0317,0.05939092,60.94,59.98,63.38
0318,0.05883532,60.37,59.42,62.83
0319,0.05718382,58.67,57.76,61.2
0320,0.07279959,74.69,73.53,76.59
0321,0.05875413,60.28,59.34,62.75
0322,0.04869534,49.96,49.18,52.84
0323,0.06157424,63.18,62.19,65.53
0324,0.05744974,58.94,58.02,61.46
0325,0.06352545,65.18,64.16,67.45
0326,0.0592027,60.74,59.79,63.19
0327,0.0526137,53.98,53.14,56.7
0328,0.06799125,69.76,68.67,71.85
0329,0.06306933,64.71,63.7,67.0
0330,0.0630898,64.73,63.72,67.02
0331,0.06124464,62.84,61.86,65.2
0332,0.0557921,57.24,56.35,59.83
0333,0.06396785,65.63,64.61,67.89
0334,0.05161546,52.96,52.13,55.72
0335,0.04566652,46.85,46.12,49.86
0336,0.0568364,58.31,57.4,60.86
0337,0.05784727,59.35,58.43,61.86
0338,0.07603667,78.01,76.8,79.78
0339,0.06169937,63.3,62.32,65.65
0340,0.07161943,73.48,72.34,75.43
0341,0.0582133,59.73,58.8,62.22
0342,0.07206104,73.93,72.78,75.86
0343,0.05656174,58.03,57.13,60.59
0344,0.05857907,60.1,59.16,62.58
0345,0.05825354,59.77,58.84,62.26
0346,0.05366079,55.06,54.2,57.73
0347,0.06024589,61.81,60.85,64.22
0348,0.04969086,50.98,50.19,53.82
0349,0.06045578,62.03,61.06,64.43
0350,0.0444218,45.58,44.87,48.63
0351,0.05734854,58.84,57.92,61.37
0352,0.06725068,69.0,67.92,71.12
0353,0.05456159,55.98,55.11,58.62
0354,0.06269638,64.33,63.32,66.63
0355,0.06382806,65.49,64.47,67.75
0356,0.04458292,45.74,45.03,48.79
0357,0.07244288,74.33,73.17,76.24
0358,0.06324187,64.89,63.87,67.17
0359,0.06309741,64.74,63.73,67.03
0360,0.05396372,55.37,54.5,58.03
0361,0.08466172,86.86,85.51,88.27
0362,0.0531095,54.49,53.64,57.19
0363,0.06616478,67.89,66.83,70.05
0364,0.06031338,61.88,60.92,64.29
0365,0.06013893,61.7,60.74,64.11
0366,0.0595261,61.07,60.12,63.51
0367,0.05345115,54.84,53.99,57.53
0368,0.06954619,71.35,70.24,73.38
0369,0.05580755,57.26,56.37,59.85
0370,0.05727671,58.77,57.85,61.29
0371,0.06707764,68.82,67.75,70.95
0372,0.05830402,59.82,58.89,62.31
0373,0.05503572,56.47,55.59,59.09
0374,0.05103007,52.36,51.54,55.14
0375,0.06288676,64.52,63.52,66.82
0376,0.06164223,63.24,62.26,65.6
0377,0.05830609,59.82,58.89,62.31
0378,0.0533824,54.77,53.92,57.46
0379,0.06096528,62.55,61.57,64.93
0380,0.059462,61.01,60.06,63.45
0381,0.05554272,56.99,56.1,59.59
0382,0.0460211,47.22,46.48,50.21
0383,0.0606161,62.19,61.22,64.58
0384,0.05979728,61.35,60.4,63.78
0385,0.06112411,62.71,61.74,65.08
0386,0.06659509,68.33,67.26,70.47
0387,0.05111728,52.45,51.63,55.23
0388,0.0484456,49.71,48.93,52.59
0389,0.06081001,62.39,61.42,64.78
0390,0.06416186,65.83,64.8,68.08
0391,0.06433899,66.01,64.98,68.25
0392,0.05507186,56.5,55.62,59.12
0393,0.0567579,58.23,57.33,60.78
0394,0.05097595,52.3,51.49,55.09
0395,0.04884865,50.12,49.34,52.99
0396,0.06435133,66.02,64.99,68.26
0397,0.04708776,48.31,47.56,51.26
0398,0.0526316,54.0,53.16,56.72
0399,0.05800052,59.51,58.58,62.01
0400,0.06072234,62.3,61.33,64.69
0401,0.06284761,64.48,63.48,66.78
0402,0.06131736,62.91,61.93,65.28
0403,0.05880585,60.33,59.39,62.8
0404,0.05083831,52.16,51.35,54.95
0405,0.06936514,71.17,70.06,73.2
0406,0.05875148,60.28,59.34,62.75
0407,0.0565626,58.03,57.13,60.59
0408,0.05535131,56.79,55.9,59.4
0409,0.07416566,76.09,74.91,77.93
0410,0.06284659,64.48,63.48,66.78
0411,0.05604814,57.51,56.61,60.08
0412,0.07012645,71.95,70.83,73.95
0413,0.06468929,66.37,65.34,68.6
0414,0.05577796,57.23,56.34,59.82
0415,0.08183321,83.96,82.65,85.49
0416,0.06685063,68.59,67.52,70.73
0417,0.05649488,57.96,57.06,60.52
0418,0.06036662,61.94,60.97,64.34
0419,0.05432915,55.74,54.87,58.39
0420,0.0568568,58.34,57.43,60.88
0421,0.05989786,61.46,60.5,63.88
0422,0.06214171,63.76,62.76,66.09
0423,0.05479386,56.22,55.34,58.85
0424,0.05769367,59.19,58.27,61.71
0425,0.06730222,69.05,67.98,71.17
0426,0.0559603,57.42,56.52,60.0
0427,0.05780867,59.31,58.39,61.82
0428,0.05802397,59.53,58.6,62.03
0429,0.06117431,62.76,61.79,65.13
0430,0.06702807,68.77,67.7,70.9
0431,0.05551687,56.96,56.07,59.56
0432,0.04933641,50.62,49.83,53.47
0433,0.06791462,69.68,68.59,71.77
0434,0.05172436,53.07,52.24,55.82
0435,0.04971699,51.01,50.21,53.85
0436,0.05651945,57.99,57.08,60.55
0437,0.07573763,77.71,76.5,79.48
0438,0.06465154,66.33,65.3,68.56
0439,0.0533627,54.75,53.9,57.44
0440,0.05519611,56.63,55.75,59.24
0441,0.06812783,69.9,68.81,71.99
0442,0.06749537,69.25,68.17,71.36
0443,0.04462222,45.78,45.07,48.83
0444,0.05827985,59.8,58.86,62.28
0445,0.06468033,66.36,65.33,68.59
0446,0.06340873,65.06,64.04,67.34
0447,0.0630083,64.65,63.64,66.94
0448,0.05548261,56.93,56.04,59.53
0449,0.05461825,56.04,55.16,58.68
0450,0.05427408,55.69,54.82,58.34
0451,0.05683706,58.31,57.41,60.86
0452,0.06626701,67.99,66.93,70.15
0453,0.06367732,65.33,64.31,67.6
0454,0.06096855,62.55,61.58,64.93
0455,0.05409499,55.5,54.64,58.16
0456,0.06807812,69.85,68.76,71.94
0457,0.05856184,60.08,59.15,62.56
0458,0.06109842,62.69,61.71,65.06
0459,0.05272811,54.1,53.26,56.81
0460,0.06437399,66.05,65.02,68.29
0461,0.05385919,55.26,54.4,57.93
0462,0.06501795,66.71,65.67,68.92
0463,0.07540645,77.37,76.16,79.16
0464,0.06044318,62.01,61.05,64.41
0465,0.07010152,71.92,70.8,73.93
0466,0.05355823,54.95,54.09,57.63
0467,0.06793368,69.7,68.61,71.79
0468,0.05954901,61.1,60.14,63.53
0469,0.06391439,65.58,64.55,67.83
0470,0.05818576,59.7,58.77,62.19
0471,0.05034323,51.65,50.85,54.46
0472,0.05493726,56.37,55.49,58.99
0473,0.07904574,81.1,79.84,82.74
0474,0.05856299,60.09,59.15,62.56
0475,0.05313139,54.51,53.66,57.21
0476,0.06524213,66.94,65.89,69.14
0477,0.05710598,58.59,57.68,61.13
0478,0.05780188,59.3,58.38,61.81
0479,0.07149063,73.35,72.21,75.3
0480,0.05609583,57.55,56.66,60.13
0481,0.06483086,66.52,65.48,68.74
0482,0.0588112,60.34,59.4,62.81
0483,0.04884083,50.11,49.33,52.98
0484,0.05774621,59.25,58.32,61.76
0485,0.04955128,50.84,50.05,53.68
0486,0.05685317,58.33,57.42,60.88
0487,0.05893716,60.47,59.53,62.93
0488,0.05797539,59.48,58.56,61.98
0489,0.06280541,64.44,63.43,66.74
0490,0.06156518,63.17,62.18,65.52
0491,0.07602478,78.0,76.79,79.77
0492,0.06733151,69.08,68.0,71.2
0493,0.06250745,64.13,63.13,66.45
0494,0.05935172,60.89,59.95,63.34
0495,0.05629116,57.75,56.85,60.32
0496,0.0514848,52.82,52.0,55.59
0497,0.06140667,63.0,62.02,65.36
0498,0.05274252,54.11,53.27,56.83
0499,0.05995193,61.51,60.55,63.93
0500,0.05798727,59.49,58.57,61.99
0501,0.06033728,61.91,60.94,64.31
0502,0.06319845,64.84,63.83,67.13
0503,0.06383716,65.5,64.48,67.76
0504,0.06691795,68.66,67.59,70.79
0505,0.06796848,69.74,68.65,71.83
0506,0.05480711,56.23,55.36,58.86
0507,0.06444591,66.12,65.09,68.36
0508,0.06283901,64.47,63.47,66.77
0509,0.05584896,57.3,56.41,59.89
0510,0.05145073,52.79,51.97,55.55
0511,0.04688377,48.1,47.35,51.05
0512,0.06047561,62.05,61.08,64.45
0513,0.05738498,58.88,57.96,61.4
0514,0.0678054,69.57,68.48,71.67
0515,0.0508213,52.14,51.33,54.93
0516,0.05675293,58.23,57.32,60.78
0517,0.066075,67.79,66.74,69.96
0518,0.07343019,75.34,74.16,77.21
0519,0.05918479,60.72,59.78,63.17
0520,0.05592046,57.37,56.48,59.96
0521,0.05193256,53.28,52.45,56.03
0522,0.06600045,67.72,66.66,69.89
0523,0.05762932,59.13,58.21,61.64
0524,0.05445877,55.87,55.0,58.52
0525,0.06513968,66.83,65.79,69.04
0526,0.06858205,70.37,69.27,72.43
0527,0.06436306,66.04,65.01,68.28
0528,0.05943588,60.98,60.03,63.42
0529,0.05639464,57.86,56.96,60.43
0530,0.05147086,52.81,51.99,55.57
0531,0.05513518,56.57,55.69,59.18
0532,0.06234022,63.96,62.96,66.28
0533,0.05670034,58.17,57.27,60.73
0534,0.06360292,65.26,64.24,67.53
0535,0.06201562,63.63,62.64,65.96
0536,0.04967765,50.97,50.17,53.81
0537,0.04730848,48.54,47.78,51.47
0538,0.05273005,54.1,53.26,56.81
0539,0.06856952,70.35,69.26,72.42
0540,0.05614953,57.61,56.71,60.18
0541,0.05668854,58.16,57.26,60.71
0542,0.05691535,58.4,57.48,60.94
0543,0.06712256,68.87,67.79,70.99
0544,0.06567777,67.39,66.33,69.57
0545,0.05995766,61.52,60.56,63.94
0546,0.05969378,61.25,60.29,63.68
0547,0.05888043,60.41,59.47,62.87
0548,0.06546614,67.17,66.12,69.36
0549,0.0665418,68.27,67.21,70.42
0550,0.06151372,63.11,62.13,65.47
0551,0.0569716,58.45,57.54,60.99
0552,0.06922833,71.03,69.92,73.07
0553,0.05099877,52.32,51.51,55.11
0554,0.05839111,59.91,58.98,62.39
0555,0.05350458,54.9,54.04,57.58
0556,0.058467,59.99,59.05,62.47
0557,0.06546251,67.16,66.12,69.36
0558,0.06175723,63.36,62.37,65.71
0559,0.05489072,56.32,55.44,58.94
0560,0.05972163,61.27,60.32,63.7
0561,0.05446901,55.89,55.01,58.53
0562,0.05932748,60.87,59.92,63.31
0563,0.06890649,70.7,69.6,72.75
0564,0.05029984,51.61,50.8,54.42
0565,0.06748067,69.24,68.16,71.35
0566,0.0639196,65.58,64.56,67.84
0567,0.05017515,51.48,50.68,54.3
0568,0.05315016,54.53,53.68,57.23
0569,0.05181069,53.16,52.33,55.91
0570,0.04414834,45.3,44.59,48.36
0571,0.06360069,65.25,64.24,67.52
0572,0.07720169,79.21,77.97,80.92
0573,0.05855273,60.08,59.14,62.55
0574,0.04941978,50.7,49.91,53.55
0575,0.05695495,58.44,57.52,60.98
0576,0.0735274,75.44,74.26,77.3
0577,0.05459851,56.02,55.14,58.66
0578,0.04913262,50.41,49.62,53.27
0579,0.05226751,53.63,52.79,56.36
0580,0.05160167,52.94,52.12,55.7
0581,0.05590349,57.36,56.46,59.94
0582,0.05802666,59.54,58.61,62.03
0583,0.05963804,61.19,60.23,63.62
0584,0.06484412,66.53,65.49,68.75
0585,0.05101643,52.34,51.53,55.13
0586,0.06631128,68.04,66.97,70.2
0587,0.04915041,50.43,49.64,53.29
0588,0.05085708,52.18,51.37,54.97
0589,0.06467681,66.36,65.32,68.59
0590,0.05408701,55.49,54.63,58.15
0591,0.05671407,58.19,57.28,60.74
0592,0.05213938,53.5,52.66,56.23
0593,0.05676975,58.25,57.34,60.79
0594,0.05806287,59.57,58.64,62.07
0595,0.0512049,52.54,51.72,55.31
0596,0.06037855,61.95,60.98,64.35
0597,0.05145684,52.79,51.97,55.56
0598,0.05687466,58.35,57.44,60.9
0599,0.05180258,53.15,52.32,55.9
0600,0.08334046,85.51,84.17,86.97
0601,0.06154854,63.15,62.16,65.5
0602,0.06056024,62.13,61.17,64.53
0603,0.08930814,91.63,90.2,92.85
0604,0.06379737,65.46,64.44,67.72
0605,0.06275013,64.38,63.38,66.69
0606,0.06113243,62.72,61.74,65.09
0607,0.05845949,59.98,59.04,62.46
0608,0.06937677,71.18,70.07,73.22
0609,0.05820594,59.72,58.79,62.21
0610,0.05017195,51.48,50.67,54.29
0611,0.0599813,61.54,60.58,63.96
0612,0.05347631,54.87,54.01,57.55
0613,0.05362029,55.01,54.16,57.69
0614,0.05027961,51.59,50.78,54.4
0615,0.0743837,76.32,75.13,78.15
0616,0.04608057,47.28,46.54,50.26
0617,0.059,60.53,59.59,62.99
0618,0.05204303,53.4,52.56,56.14
0619,0.06716816,68.91,67.84,71.04
0620,0.06180714,63.41,62.43,65.76
0621,0.05679351,58.27,57.36,60.82
0622,0.05800325,59.51,58.58,62.01
0623,0.06092638,62.51,61.54,64.89
0624,0.05440022,55.81,54.94,58.46
0625,0.07240168,74.28,73.13,76.2
0626,0.06151739,63.12,62.13,65.47
0627,0.06046973,62.04,61.07,64.44
0628,0.05067932,52.0,51.19,54.79
0629,0.06347711,65.13,64.11,67.4
0630,0.06190026,63.51,62.52,65.85
0631,0.06208074,63.69,62.7,66.03
0632,0.05036148,51.67,50.87,54.48
0633,0.05400186,55.41,54.54,58.07
0634,0.0611728,62.76,61.78,65.13
0635,0.05117931,52.51,51.69,55.29
0636,0.05355607,54.95,54.09,57.63
0637,0.05030273,51.61,50.81,54.42
0638,0.06141762,63.01,62.03,65.37
0639,0.06541367,67.11,66.07,69.31
0640,0.06270629,64.34,63.33,66.64
0641,0.06107985,62.67,61.69,65.04
0642,0.0800566,82.14,80.86,83.74
0643,0.07121814,73.07,71.93,75.03
0644,0.06137705,62.97,61.99,65.33
0645,0.05682235,58.3,57.39,60.85
0646,0.04696809,48.19,47.44,51.14
0647,0.0521849,53.54,52.71,56.28
0648,0.05900957,60.54,59.6,63.0
0649,0.05244754,53.81,52.97,56.54
0650,0.05327668,54.66,53.81,57.35
0651,0.07630239,78.29,77.07,80.04
0652,0.07234864,74.23,73.07,76.14
0653,0.05720442,58.69,57.78,61.22
0654,0.05918621,60.73,59.78,63.18
0655,0.06782336,69.59,68.5,71.69
0656,0.07949195,81.56,80.29,83.18
0657,0.071589,73.45,72.3,75.4
0658,0.0689813,70.77,69.67,72.83
0659,0.05920931,60.75,59.8,63.2
0660,0.06980805,71.62,70.51,73.64
0661,0.0649107,66.6,65.56,68.82
0662,0.05635463,57.82,56.92,60.39
0663,0.04761251,48.85,48.09,51.77
0664,0.05991257,61.47,60.51,63.89
0665,0.06299071,64.63,63.62,66.92
0666,0.06469088,66.37,65.34,68.6
0667,0.07162385,73.49,72.34,75.43
0668,0.05925183,60.79,59.84,63.24
0669,0.05857143,60.09,59.16,62.57
0670,0.06026653,61.83,60.87,64.24
0671,0.06415882,65.83,64.8,68.07
0672,0.06006896,61.63,60.67,64.05
0673,0.05636799,57.83,56.93,60.4
0674,0.0673829,69.13,68.06,71.25
0675,0.07732386,79.33,78.1,81.05
0676,0.0520333,53.39,52.55,56.13
0677,0.05862771,60.15,59.21,62.63
0678,0.0580739,59.58,58.65,62.08
0679,0.0503545,51.66,50.86,54.47
0680,0.06206686,63.68,62.69,66.01
0681,0.05451068,55.93,55.06,58.57
0682,0.06031051,61.88,60.91,64.28
0683,0.04916012,50.44,49.65,53.3
0684,0.06925174,71.05,69.94,73.09
0685,0.06179517,63.4,62.41,65.75
0686,0.06542598,67.13,66.08,69.32
0687,0.05356763,54.96,54.1,57.64
0688,0.05225937,53.62,52.78,56.35
0689,0.07546287,77.42,76.22,79.21
0690,0.05292088,54.3,53.45,57.0
0691,0.05873274,60.26,59.32,62.73
0692,0.05146551,52.8,51.98,55.57
0693,0.05616045,57.62,56.72,60.19
0694,0.05652478,57.99,57.09,60.55
0695,0.06430597,65.98,64.95,68.22
0696,0.05635501,57.82,56.92,60.39
0697,0.05756967,59.07,58.15,61.58
0698,0.060172,61.74,60.77,64.15
0699,0.06199108,63.6,62.61,65.94
0700,0.06789644,69.66,68.58,71.76
0701,0.05743825,58.93,58.01,61.45
0702,0.07354632,75.46,74.28,77.32
0703,0.05721582,58.7,57.79,61.23
0704,0.06125166,62.84,61.86,65.21
0705,0.06349902,65.15,64.13,67.42
0706,0.05057452,51.89,51.08,54.69
0707,0.04981854,51.11,50.32,53.95
0708,0.06584946,67.56,66.51,69.74
0709,0.04971526,51.01,50.21,53.84
0710,0.05639434,57.86,56.96,60.42
0711,0.06147818,63.08,62.09,65.43
0712,0.05836464,59.88,58.95,62.37
0713,0.05321028,54.59,53.74,57.29
0714,0.06260167,64.23,63.23,66.54
0715,0.07213612,74.01,72.86,75.93
0716,0.06121646,62.81,61.83,65.18
0717,0.05496905,56.4,55.52,59.02
0718,0.0516527,53.0,52.17,55.75
0719,0.06199314,63.6,62.61,65.94
0720,0.06152154,63.12,62.14,65.48
0721,0.0545036,55.92,55.05,58.56
0722,0.0466332,47.85,47.1,50.81
0723,0.07172511,73.59,72.44,75.53
0724,0.05068175,52.0,51.19,54.8
0725,0.05879471,60.32,59.38,62.79
0726,0.05931818,60.86,59.91,63.31
0727,0.06428807,65.96,64.93,68.2
0728,0.07473244,76.68,75.48,78.49
0729,0.04586527,47.06,46.32,50.05
0730,0.06991028,71.73,70.61,73.74
0731,0.05871235,60.24,59.3,62.71
0732,0.05949241,61.04,60.09,63.48
0733,0.07140263,73.26,72.12,75.21
0734,0.05263697,54.01,53.16,56.72
0735,0.08299287,85.15,83.82,86.63
0736,0.06623727,67.96,66.9,70.12
0737,0.0622232,63.84,62.85,66.17
0738,0.05941689,60.96,60.01,63.4
0739,0.05553256,56.98,56.09,59.58
0740,0.07425702,76.19,75.0,78.02
0741,0.05869734,60.22,59.28,62.69
0742,0.07544535,77.41,76.2,79.19
0743,0.07856511,80.61,79.35,82.27
0744,0.05459984,56.02,55.15,58.66
0745,0.05978802,61.34,60.39,63.77
0746,0.06383709,65.5,64.48,67.76
0747,0.07121931,73.07,71.93,75.03
0748,0.05359095,54.98,54.13,57.66
0749,0.07407271,76.0,74.81,77.84
0750,0.06653453,68.26,67.2,70.42
0751,0.07633157,78.32,77.09,80.07
0752,0.06604947,67.77,66.71,69.94
0753,0.05661305,58.08,57.18,60.64
0754,0.06167536,63.28,62.29,65.63
0755,0.06024506,61.81,60.85,64.22
0756,0.0692486,71.05,69.94,73.09
0757,0.07510166,77.05,75.85,78.86
0758,0.06133195,62.93,61.95,65.29
0759,0.06703499,68.78,67.71,70.91
0760,0.0611073,62.7,61.72,65.07
0761,0.06307605,64.72,63.71,67.01
0762,0.0603193,61.89,60.92,64.29
0763,0.05034384,51.65,50.85,54.46
0764,0.05548397,56.93,56.04,59.53
0765,0.05474415,56.17,55.29,58.8
0766,0.06962939,71.44,70.33,73.46
0767,0.06789343,69.66,68.57,71.75
0768,0.06762583,69.38,68.3,71.49
0769,0.0668125,68.55,67.48,70.69
0770,0.07483782,76.78,75.59,78.6
0771,0.05010849,51.41,50.61,54.23
0772,0.07480295,76.75,75.55,78.56
0773,0.06552055,67.22,66.18,69.42
0774,0.06179643,63.4,62.41,65.75
0775,0.08135629,83.47,82.17,85.02
0776,0.05534711,56.79,55.9,59.39
0777,0.06852947,70.31,69.21,72.38
0778,0.05412047,55.53,54.66,58.18
0779,0.06040835,61.98,61.01,64.38
0780,0.05361142,55.01,54.15,57.68
0781,0.05880844,60.34,59.4,62.8
0782,0.06490122,66.59,65.55,68.81
0783,0.055022,56.45,55.57,59.07
0784,0.05370435,55.1,54.24,57.77
0785,0.06140923,63.01,62.02,65.37
0786,0.05751005,59.01,58.09,61.52
0787,0.05999819,61.56,60.6,63.98
0788,0.08609529,88.33,86.96,89.69
0789,0.06710756,68.85,67.78,70.98
0790,0.05856964,60.09,59.16,62.57
0791,0.05471047,56.13,55.26,58.77
0792,0.07910422,81.16,79.9,82.8
0793,0.05603304,57.49,56.59,60.07
0794,0.05356479,54.96,54.1,57.64
0795,0.04997679,51.28,50.48,54.1
0796,0.0699767,71.8,70.68,73.81
0797,0.06482457,66.51,65.47,68.73
0798,0.05536871,56.81,55.92,59.41
0799,0.05416958,55.58,54.71,58.23
0800,0.06007644,61.64,60.68,64.05
0801,0.07195428,73.83,72.67,75.75
0802,0.05311484,54.5,53.65,57.19
0803,0.07358368,75.5,74.32,77.36
0804,0.06059819,62.17,61.2,64.57
0805,0.05937341,60.92,59.97,63.36
0806,0.05346753,54.86,54.0,57.54
0807,0.06346227,65.11,64.1,67.39
0808,0.05739476,58.89,57.97,61.41
0809,0.05896101,60.49,59.55,62.95
0810,0.07218336,74.06,72.91,75.98
0811,0.06117457,62.77,61.79,65.13
0812,0.05666434,58.14,57.23,60.69
0813,0.06896713,70.76,69.66,72.81
0814,0.06995637,71.78,70.66,73.79
0815,0.06141464,63.01,62.03,65.37
0816,0.07356139,75.47,74.3,77.34
0817,0.06365924,65.31,64.3,67.58
0818,0.05676927,58.25,57.34,60.79
0819,0.06925745,71.06,69.95,73.1
0820,0.0564919,57.96,57.06,60.52
0821,0.06491816,66.61,65.57,68.82
0822,0.06231017,63.93,62.93,66.25
0823,0.04507897,46.25,45.53,49.28
0824,0.06416911,65.84,64.81,68.08
0825,0.06259792,64.23,63.22,66.54
0826,0.05799784,59.51,58.58,62.0
0827,0.0657677,67.48,66.43,69.66
0828,0.0656376,67.34,66.29,69.53
0829,0.06343306,65.08,64.07,67.36
0830,0.07639405,78.38,77.16,80.13
0831,0.05132702,52.66,51.84,55.43
0832,0.05436421,55.78,54.91,58.42
0833,0.07029297,72.12,71.0,74.12
0834,0.05258709,53.95,53.11,56.67
0835,0.06443173,66.11,65.08,68.34
0836,0.05515323,56.59,55.7,59.2
0837,0.05730367,58.79,57.88,61.32
0838,0.06165059,63.25,62.27,65.6
0839,0.05280309,54.18,53.33,56.89
0840,0.05746475,58.96,58.04,61.48
0841,0.0666663,68.4,67.33,70.55
0842,0.06153099,63.13,62.15,65.49
0843,0.05968093,61.23,60.28,63.66
0844,0.06029957,61.87,60.9,64.27
0845,0.06127761,62.87,61.89,65.24
0846,0.06171169,63.32,62.33,65.66
0847,0.05353079,54.92,54.07,57.6
0848,0.07068686,72.52,71.39,74.51
0849,0.08443713,86.63,85.28,88.05
0850,0.06389615,65.56,64.54,67.82
0851,0.06318363,64.83,63.82,67.11
0852,0.04987311,51.17,50.37,54.0
0853,0.05905171,60.59,59.64,63.04
0854,0.06037985,61.95,60.98,64.35
0855,0.07123387,73.09,71.95,75.05
0856,0.06482368,66.51,65.47,68.73
0857,0.06034725,61.92,60.95,64.32
0858,0.05279922,54.17,53.33,56.88
0859,0.04949662,50.78,49.99,53.63
0860,0.06251444,64.14,63.14,66.45
0861,0.06124305,62.84,61.86,65.2
0862,0.07778307,79.81,78.56,81.5
0863,0.05693884,58.42,57.51,60.96
0864,0.06153199,63.13,62.15,65.49
0865,0.06600879,67.73,66.67,69.9
0866,0.07694551,78.95,77.71,80.67
0867,0.06544517,67.15,66.1,69.34
0868,0.05382824,55.23,54.37,57.9
0869,0.04269153,43.8,43.12,46.92
0870,0.07919065,81.25,79.98,82.88
0871,0.0670641,68.81,67.73,70.94
0872,0.05429953,55.71,54.84,58.36
0873,0.06438088,66.05,65.02,68.29
0874,0.07853242,80.57,79.32,82.24
0875,0.05767108,59.17,58.25,61.68
0876,0.05199951,53.35,52.52,56.1
0877,0.06884846,70.64,69.54,72.7
0878,0.05558693,57.03,56.14,59.63
0879,0.06098534,62.57,61.6,64.95
0880,0.05909777,60.63,59.69,63.09
0881,0.06099821,62.58,61.61,64.96
0882,0.06837756,70.16,69.06,72.23
0883,0.05444783,55.86,54.99,58.51
0884,0.06483367,66.52,65.48,68.74
0885,0.05714918,58.64,57.72,61.17
0886,0.05813058,59.64,58.71,62.14
0887,0.06080381,62.38,61.41,64.77
0888,0.07249005,74.37,73.21,76.28
0889,0.04851533,49.78,49.0,52.66
0890,0.05376945,55.17,54.31,57.84
0891,0.06464868,66.33,65.3,68.56
0892,0.05851237,60.03,59.1,62.51
0893,0.05045124,51.76,50.96,54.57
0894,0.06818031,69.95,68.86,72.04
0895,0.06253032,64.16,63.16,66.47
0896,0.05381178,55.21,54.35,57.88
0897,0.04793526,49.18,48.41,52.09
0898,0.05537654,56.82,55.93,59.42
0899,0.05008278,51.38,50.58,54.21
0900,0.07886347,80.91,79.65,82.56
0901,0.06390017,65.56,64.54,67.82
0902,0.05964331,61.19,60.24,63.63
0903,0.04935922,50.64,49.85,53.49
0904,0.06592966,67.64,66.59,69.82
0905,0.06818505,69.96,68.87,72.04
0906,0.06362093,65.28,64.26,67.54
0907,0.04855018,49.81,49.04,52.7
0908,0.04483146,46.0,45.28,49.03
0909,0.05223905,53.6,52.76,56.33
0910,0.07093548,72.78,71.64,74.75
0911,0.07440223,76.34,75.15,78.17
0912,0.05577729,57.23,56.34,59.82
0913,0.06158714,63.19,62.2,65.54
0914,0.05371776,55.11,54.25,57.79
0915,0.0542481,55.66,54.79,58.31
0916,0.05255269,53.92,53.08,56.64
0917,0.06124959,62.84,61.86,65.21
0918,0.06545109,67.15,66.11,69.35
0919,0.06065236,62.23,61.26,64.62
0920,0.04932685,50.61,49.82,53.46
0921,0.05923752,60.78,59.83,63.23
0922,0.07259853,74.49,73.32,76.39
0923,0.05510014,56.53,55.65,59.15
0924,0.05202344,53.38,52.54,56.12
0925,0.06340705,65.06,64.04,67.33
0926,0.05919004,60.73,59.78,63.18
0927,0.06171061,63.32,62.33,65.66
0928,0.05853596,60.06,59.12,62.53
0929,0.07072287,72.56,71.43,74.54
0930,0.05239048,53.75,52.91,56.48
0931,0.05765416,59.15,58.23,61.67
0932,0.0611892,62.78,61.8,65.15
0933,0.05897782,60.51,59.57,62.97
0934,0.05383608,55.24,54.37,57.9
0935,0.06757548,69.33,68.25,71.44
0936,0.05497725,56.41,55.53,59.03
0937,0.05395687,55.36,54.5,58.02
0938,0.05537015,56.81,55.92,59.42
0939,0.09417568,96.62,95.12,97.65
0940,0.05239608,53.76,52.92,56.49
0941,0.05133262,52.67,51.85,55.44
0942,0.06454379,66.22,65.19,68.45
0943,0.07198146,73.85,72.7,75.78
0944,0.05592624,57.38,56.49,59.96
0945,0.06335603,65.0,63.99,67.28
0946,0.05561043,57.06,56.17,59.65
0947,0.06332986,64.98,63.96,67.26
0948,0.0578053,59.31,58.38,61.82
0949,0.05094714,52.27,51.46,55.06
0950,0.05646886,57.94,57.03,60.5
0951,0.04649372,47.7,46.96,50.67
0952,0.05214537,53.5,52.67,56.24
0953,0.04483796,46.0,45.29,49.04
0954,0.05868494,60.21,59.27,62.68
0955,0.0747812,76.73,75.53,78.54
0956,0.05542218,56.86,55.98,59.47
0957,0.06183198,63.44,62.45,65.78
0958,0.07386926,75.79,74.61,77.64
0959,0.06444518,66.12,65.09,68.36
0960,0.06403486,65.7,64.68,67.95
0961,0.05565174,57.1,56.21,59.69
0962,0.06386645,65.53,64.51,67.79
0963,0.06933842,71.14,70.03,73.18
0964,0.06134067,62.94,61.95,65.3
0965,0.05046633,51.78,50.97,54.58
0966,0.05260364,53.97,53.13,56.69
0967,0.0550213,56.45,55.57,59.07
0968,0.05160883,52.95,52.12,55.71
0969,0.04883587,50.11,49.32,52.98
0970,0.06532768,67.03,65.98,69.23
0971,0.06809891,69.87,68.78,71.96
0972,0.05865247,60.18,59.24,62.65
0973,0.0501175,51.42,50.62,54.24
0974,0.06226807,63.89,62.89,66.21
0975,0.05487758,56.3,55.43,58.93
0976,0.06877473,70.56,69.46,72.62
0977,0.06180747,63.41,62.43,65.76
0978,0.06937073,71.17,70.06,73.21
0979,0.04462002,45.78,45.07,48.82
0980,0.05702069,58.5,57.59,61.04
0981,0.06186317,63.47,62.48,65.81
0982,0.05563106,57.08,56.19,59.67
0983,0.05263321,54.0,53.16,56.72
0984,0.06082258,62.4,61.43,64.79
0985,0.05265161,54.02,53.18,56.74
0986,0.05524543,56.68,55.8,59.29
0987,0.04793309,49.18,48.41,52.09
0988,0.06247532,64.1,63.1,66.42
0989,0.04537902,46.56,45.83,49.57
0990,0.05234623,53.71,52.87,56.44
0991,0.05765559,59.15,58.23,61.67
0992,0.06668286,68.42,67.35,70.56
0993,0.05924203,60.78,59.83,63.23
0994,0.05557434,57.02,56.13,59.62
0995,0.05933308,60.88,59.93,63.32
0996,0.06123313,62.83,61.85,65.19
0997,0.05857239,60.1,59.16,62.57
0998,0.05880758,60.34,59.4,62.8
0999,0.06150136,63.1,62.12,65.46
1000,0.06384462,65.5,64.48,67.77
1001,0.04821976,49.47,48.7,52.37
1002,0.06138674,62.98,62.0,65.34
1003,0.06330466,64.95,63.94,67.23
1004,0.05807505,59.59,58.66,62.08
1005,0.07048083,72.31,71.19,74.3
1006,0.07917316,81.23,79.96,82.87
1007,0.05122659,52.56,51.74,55.33
1008,0.06057104,62.15,61.18,64.54
1009,0.0588514,60.38,59.44,62.85
1010,0.0625218,64.15,63.15,66.46
1011,0.05520093,56.64,55.75,59.25
1012,0.05579677,57.25,56.35,59.84
1013,0.06684453,68.58,67.51,70.72
1014,0.05606033,57.52,56.62,60.1
1015,0.04060859,41.66,41.01,44.87
1016,0.05196344,53.31,52.48,56.06
1017,0.04648618,47.69,46.95,50.66
1018,0.06296674,64.6,63.6,66.9
1019,0.04073237,41.79,41.14,44.99
1020,0.05904272,60.58,59.63,63.03
1021,0.06946042,71.27,70.16,73.3
1022,0.06389175,65.55,64.53,67.81
1023,0.07051999,72.35,71.23,74.34
1024,0.06057596,62.15,61.18,64.54
1025,0.06065323,62.23,61.26,64.62
1026,0.0805195,82.61,81.32,84.19
1027,0.0772056,79.21,77.98,80.93
1028,0.06025383,61.82,60.86,64.23
1029,0.05181475,53.16,52.33,55.91
1030,0.05983059,61.39,60.43,63.81
1031,0.06053596,62.11,61.14,64.51
1032,0.05769948,59.2,58.28,61.71
1033,0.06081265,62.39,61.42,64.78
1034,0.0559246,57.38,56.48,59.96
1035,0.05576917,57.22,56.33,59.81
1036,0.06782705,69.59,68.51,71.69
1037,0.05999132,61.55,60.59,63.97
1038,0.06555386,67.26,66.21,69.45
1039,0.05679046,58.27,57.36,60.82
1040,0.0576803,59.18,58.26,61.69
1041,0.06064475,62.22,61.25,64.61
1042,0.0549869,56.42,55.54,59.04
1043,0.06417642,65.85,64.82,68.09
1044,0.05946301,61.01,60.06,63.45
1045,0.07530687,77.26,76.06,79.06
1046,0.06101291,62.6,61.62,64.98
1047,0.07099743,72.84,71.71,74.81
1048,0.06816514,69.94,68.85,72.02
1049,0.0583221,59.84,58.91,62.32
1050,0.08348268,85.65,84.32,87.11
1051,0.04795883,49.21,48.44,52.11
1052,0.07091696,72.76,71.63,74.73
1053,0.05650676,57.98,57.07,60.54
1054,0.07120361,73.05,71.92,75.02
1055,0.05371696,55.11,54.25,57.79
1056,0.06024037,61.81,60.84,64.21
1057,0.06308516,64.73,63.72,67.02
1058,0.06650955,68.24,67.17,70.39
1059,0.0572618,58.75,57.83,61.28
1060,0.07451701,76.45,75.26,78.28
1061,0.0499902,51.29,50.49,54.12
1062,0.05894951,60.48,59.54,62.94
1063,0.05893229,60.46,59.52,62.93
1064,0.06921562,71.02,69.91,73.06
1065,0.04126858,42.34,41.68,45.52
1066,0.06920437,71.0,69.9,73.05
1067,0.04467518,45.84,45.12,48.88
1068,0.05976204,61.32,60.36,63.74
1069,0.05181225,53.16,52.33,55.91
1070,0.05364716,55.04,54.18,57.72
1071,0.04523049,46.41,45.68,49.43
1072,0.0590922,60.63,59.68,63.08
1073,0.06978395,71.6,70.48,73.62
1074,0.06659516,68.33,67.26,70.48
1075,0.06303485,64.67,63.67,66.97
1076,0.06019458,61.76,60.8,64.17
1077,0.06970266,71.51,70.4,73.54
1078,0.05502926,56.46,55.58,59.08
1079,0.07395584,75.88,74.7,77.73
1080,0.04166842,42.75,42.09,45.92
1081,0.06331877,64.97,63.95,67.25
1082,0.05504195,56.47,55.59,59.09
1083,0.05892493,60.46,59.51,62.92
1084,0.05467603,56.1,55.22,58.73
1085,0.0664542,68.18,67.12,70.34
1086,0.05323707,54.62,53.77,57.31
1087,0.05871244,60.24,59.3,62.71
1088,0.05920021,60.74,59.79,63.19
1089,0.06271071,64.34,63.34,66.65
1090,0.06640801,68.13,67.07,70.29
1091,0.06227655,63.9,62.9,66.22
1092,0.06401667,65.68,64.66,67.93
1093,0.05354969,54.94,54.09,57.62
1094,0.05773832,59.24,58.32,61.75
1095,0.06618852,67.91,66.85,70.07
1096,0.06482212,66.51,65.47,68.73
1097,0.06395247,65.62,64.59,67.87
1098,0.05679799,58.27,57.37,60.82
1099,0.0665491,68.28,67.21,70.43
1100,0.04824299,49.5,48.73,52.39
1101,0.07210285,73.98,72.82,75.9
1102,0.06141891,63.02,62.03,65.38
1103,0.05290358,54.28,53.43,56.99
1104,0.05705775,58.54,57.63,61.08
1105,0.05014095,51.44,50.64,54.26
1106,0.05702894,58.51,57.6,61.05
1107,0.04988989,51.19,50.39,54.02
1108,0.06144309,63.04,62.06,65.4
1109,0.06007636,61.64,60.68,64.05
1110,0.05055543,51.87,51.06,54.67
1111,0.04331182,44.44,43.74,47.54
1112,0.06568954,67.4,66.35,69.58
1113,0.0542433,55.65,54.79,58.31
1114,0.06898809,70.78,69.68,72.83
1115,0.05641531,57.88,56.98,60.45
1116,0.04836227,49.62,48.85,52.51
1117,0.05398771,55.39,54.53,58.05
1118,0.0486509,49.92,49.14,52.8
1119,0.04929833,50.58,49.79,53.43
1120,0.04590034,47.09,46.36,50.09
1121,0.08046234,82.55,81.27,84.14
1122,0.06460914,66.29,65.26,68.52
1123,0.0542633,55.67,54.81,58.33
1124,0.05518464,56.62,55.74,59.23
1125,0.0709173,72.76,71.63,74.73
1126,0.05101103,52.34,51.52,55.12
1127,0.06676199,68.5,67.43,70.64
1128,0.07347975,75.39,74.21,77.26
1129,0.05848798,60.01,59.07,62.49
1130,0.05164375,52.99,52.16,55.74
1131,0.06615797,67.88,66.82,70.04
1132,0.06979767,71.61,70.5,73.63
1133,0.05213643,53.49,52.66,56.23
1134,0.05593274,57.39,56.49,59.97
1135,0.05423728,55.65,54.78,58.3
1136,0.07564315,77.61,76.4,79.39
1137,0.06214061,63.76,62.76,66.09
1138,0.06422496,65.89,64.87,68.14
1139,0.05991776,61.48,60.52,63.9
1140,0.05965552,61.21,60.25,63.64
1141,0.05876816,60.3,59.36,62.76
1142,0.06364322,65.3,64.28,67.57
1143,0.0715619,73.42,72.28,75.37
1144,0.06465506,66.34,65.3,68.56
1145,0.05959113,61.14,60.19,63.57
1146,0.05881558,60.34,59.4,62.81
1147,0.06716225,68.91,67.83,71.03
1148,0.04934792,50.63,49.84,53.48
1149,0.05724431,58.73,57.82,61.26
1150,0.04586729,47.06,46.33,50.05
1151,0.06256351,64.19,63.19,66.5
1152,0.05501071,56.44,55.56,59.06
1153,0.05132549,52.66,51.84,55.43
1154,0.07222821,74.11,72.95,76.02
1155,0.05521144,56.65,55.76,59.26
1156,0.06199147,63.6,62.61,65.94
1157,0.05006491,51.37,50.57,54.19
1158,0.05485985,56.29,55.41,58.91
1159,0.07471335,76.66,75.46,78.47
1160,0.06076838,62.35,61.38,64.73
1161,0.05472956,56.15,55.28,58.78
1162,0.07555698,77.52,76.31,79.3
1163,0.05181237,53.16,52.33,55.91
1164,0.06293973,64.58,63.57,66.87
1165,0.05735883,58.85,57.93,61.38
1166,0.06473369,66.42,65.38,68.64
1167,0.05747259,58.97,58.05,61.49
1168,0.05693413,58.41,57.5,60.96
1169,0.0538904,55.29,54.43,57.96
1170,0.06846502,70.25,69.15,72.32
1171,0.05726222,58.75,57.83,61.28
1172,0.04862089,49.89,49.11,52.77
1173,0.06502447,66.72,65.67,68.93
1174,0.05960368,61.15,60.2,63.59
1175,0.05313156,54.51,53.66,57.21
1176,0.05222956,53.59,52.75,56.32
1177,0.04936583,50.65,49.86,53.5
1178,0.06209864,63.71,62.72,66.04
1179,0.06105642,62.64,61.67,65.02
1180,0.04766616,48.91,48.14,51.83
1181,0.05967655,61.23,60.27,63.66
1182,0.06627556,68.0,66.94,70.16
1183,0.05962536,61.18,60.22,63.61
1184,0.04192704,43.02,42.35,46.17
1185,0.06292311,64.56,63.55,66.86
1186,0.05477658,56.2,55.32,58.83
1187,0.05403936,55.44,54.58,58.1
1188,0.05412938,55.54,54.67,58.19
1189,0.06440941,66.08,65.05,68.32
1190,0.08029623,82.38,81.1,83.97
1191,0.05827443,59.79,58.86,62.28
1192,0.06097158,62.56,61.58,64.93
1193,0.06638935,68.12,67.05,70.27
1194,0.06415568,65.82,64.8,68.07
1195,0.05375063,55.15,54.29,57.82
1196,0.06585894,67.57,66.52,69.75
1197,0.06726585,69.01,67.94,71.14
1198,0.06321256,64.86,63.84,67.14
1199,0.05877019,60.3,59.36,62.77
1200,0.06178808,63.39,62.41,65.74
1201,0.06266462,64.29,63.29,66.6
1202,0.05950148,61.05,60.1,63.49
1203,0.05120727,52.54,51.72,55.31
1204,0.06721743,68.97,67.89,71.09
1205,0.07675932,78.76,77.53,80.49
1206,0.05213028,53.49,52.65,56.22
1207,0.06340262,65.05,64.04,67.33
1208,0.06486439,66.55,65.51,68.77
1209,0.0553958,56.84,55.95,59.44
1210,0.05509421,56.53,55.65,59.14
1211,0.07941228,81.48,80.21,83.1
1212,0.05738324,58.88,57.96,61.4
1213,0.06395012,65.61,64.59,67.87
1214,0.05911656,60.65,59.71,63.11
1215,0.06386077,65.52,64.5,67.78
1216,0.06200814,63.62,62.63,65.96
1217,0.05325776,54.64,53.79,57.33
1218,0.05625176,57.71,56.81,60.28
1219,0.05449137,55.91,55.04,58.55
1220,0.07623871,78.22,77.0,79.98
1221,0.07143025,73.29,72.14,75.24
1222,0.04746961,48.7,47.94,51.63
1223,0.07704487,79.05,77.82,80.77
1224,0.05418827,55.6,54.73,58.25
1225,0.06446156,66.14,65.11,68.37
1226,0.05795346,59.46,58.53,61.96
1227,0.06298706,64.62,63.62,66.92
1228,0.04944103,50.73,49.94,53.57
1229,0.05254365,53.91,53.07,56.63
1230,0.04990476,51.2,50.4,54.03
1231,0.06651423,68.24,67.18,70.4
1232,0.05484226,56.27,55.39,58.9
1233,0.05928048,60.82,59.87,63.27
1234,0.07109524,72.94,71.81,74.91
1235,0.07179493,73.66,72.51,75.6
1236,0.06740542,69.16,68.08,71.27
1237,0.0598963,61.45,60.5,63.88
1238,0.0594789,61.03,60.07,63.46
1239,0.07104676,72.89,71.76,74.86
1240,0.05402996,55.43,54.57,58.1
1241,0.05938025,60.92,59.97,63.37
1242,0.05729361,58.78,57.87,61.31
1243,0.05730161,58.79,57.87,61.32
1244,0.06721626,68.96,67.89,71.09
1245,0.0539737,55.38,54.51,58.04
1246,0.06153371,63.13,62.15,65.49
1247,0.0566645,58.14,57.23,60.69
1248,0.05744477,58.94,58.02,61.46
1249,0.05731053,58.8,57.88,61.33
1250,0.05988009,61.44,60.48,63.86
1251,0.05291901,54.29,53.45,57.0
1252,0.05886078,60.39,59.45,62.85
1253,0.0505567,51.87,51.06,54.67
1254,0.06897767,70.77,69.67,72.82
1255,0.05765444,59.15,58.23,61.67
1256,0.06441568,66.09,65.06,68.33
1257,0.05401214,55.42,54.55,58.08
1258,0.06324008,64.88,63.87,67.17
1259,0.07468581,76.63,75.43,78.45
1260,0.05905716,60.59,59.65,63.05
1261,0.05661776,58.09,57.18,60.65
1262,0.05231875,53.68,52.84,56.41
1263,0.04320303,44.33,43.64,47.43
1264,0.05751007,59.01,58.09,61.52
1265,0.05157359,52.91,52.09,55.68
1266,0.07885697,80.91,79.65,82.56
1267,0.04415664,45.3,44.6,48.37
1268,0.06225065,63.87,62.87,66.19
1269,0.05840295,59.92,58.99,62.4
1270,0.06193894,63.55,62.56,65.89
1271,0.06926174,71.06,69.95,73.1
1272,0.0532339,54.62,53.77,57.31
1273,0.04956971,50.86,50.07,53.7
1274,0.05544601,56.89,56.0,59.49
1275,0.05420552,55.61,54.75,58.27
1276,0.05656197,58.03,57.13,60.59
1277,0.05778989,59.29,58.37,61.8
1278,0.06281315,64.45,63.44,66.75
1279,0.06060455,62.18,61.21,64.57
1280,0.06612775,67.85,66.79,70.01
1281,0.06119501,62.79,61.81,65.15
1282,0.05019838,51.5,50.7,54.32
1283,0.06785236,69.62,68.53,71.71
1284,0.05522668,56.66,55.78,59.27
1285,0.05652887,58.0,57.09,60.56
1286,0.06717914,68.93,67.85,71.05
1287,0.06933603,71.14,70.03,73.18
1288,0.06579341,67.5,66.45,69.69
1289,0.05514688,56.58,55.7,59.2
1290,0.06225857,63.88,62.88,66.2
1291,0.06023217,61.8,60.83,64.21
1292,0.07365022,75.57,74.39,77.43
1293,0.07505842,77.01,75.81,78.81
1294,0.07507328,77.03,75.82,78.83
1295,0.06236373,63.99,62.99,66.31
1296,0.06073325,62.31,61.34,64.7
1297,0.0644347,66.11,65.08,68.35
1298,0.05081075,52.13,51.32,54.92
1299,0.05120209,52.53,51.71,55.31
1300,0.05640537,57.87,56.97,60.44
1301,0.06735638,69.11,68.03,71.23
1302,0.05384875,55.25,54.39,57.92
1303,0.05586395,57.32,56.42,59.9
1304,0.06450361,66.18,65.15,68.41
1305,0.04849055,49.75,48.98,52.64
1306,0.06492609,66.61,65.58,68.83
1307,0.0649499,66.64,65.6,68.85
1308,0.05344701,54.84,53.98,57.52
1309,0.07151042,73.37,72.23,75.32
1310,0.06963308,71.44,70.33,73.47
1311,0.06870243,70.49,69.39,72.55
1312,0.07123982,73.09,71.95,75.05
1313,0.06014745,61.71,60.75,64.12
1314,0.04486672,46.03,45.32,49.07
1315,0.04786567,49.11,48.34,52.02
1316,0.05880945,60.34,59.4,62.8
1317,0.05413984,55.55,54.68,58.2
1318,0.06000141,61.56,60.6,63.98
1319,0.06343108,65.08,64.07,67.36
1320,0.05391487,55.32,54.45,57.98
1321,0.07985612,81.93,80.65,83.54
1322,0.05498935,56.42,55.54,59.04
1323,0.05109355,52.42,51.6,55.2
1324,0.06337239,65.02,64.01,67.3
1325,0.05586746,57.32,56.43,59.91
1326,0.05630194,57.77,56.86,60.33
1327,0.05440865,55.82,54.95,58.47
1328,0.05048237,51.79,50.99,54.6
1329,0.06009075,61.65,60.69,64.07
1330,0.05979711,61.35,60.4,63.78
1331,0.05808325,59.59,58.66,62.09
1332,0.06823302,70.01,68.92,72.09
1333,0.05464998,56.07,55.2,58.71
1334,0.05440376,55.82,54.95,58.46
1335,0.06510603,66.8,65.76,69.01
1336,0.06065688,62.23,61.26,64.62
1337,0.05602295,57.48,56.58,60.06
1338,0.05512969,56.56,55.68,59.18
1339,0.04930596,50.59,49.8,53.44
1340,0.05735436,58.85,57.93,61.37
1341,0.05816972,59.68,58.75,62.17
1342,0.05758138,59.08,58.16,61.59
1343,0.06134429,62.94,61.96,65.3
1344,0.06805042,69.82,68.73,71.91
1345,0.06466653,66.35,65.31,68.57
1346,0.05397936,55.38,54.52,58.05
1347,0.06804123,69.81,68.72,71.9
1348,0.06949494,71.3,70.19,73.33
1349,0.06678352,68.52,67.45,70.66
1350,0.05543501,56.88,55.99,59.48
1351,0.07583732,77.81,76.6,79.58
1352,0.06268268,64.31,63.31,66.62
1353,0.0628451,64.48,63.47,66.78
1354,0.05596108,57.42,56.52,60.0
1355,0.05564609,57.09,56.2,59.69
1356,0.05243939,53.8,52.96,56.53
1357,0.06179671,63.4,62.41,65.75
1358,0.05935018,60.89,59.94,63.34
1359,0.04969752,50.99,50.19,53.83
1360,0.05748075,58.98,58.06,61.5
1361,0.05406707,55.47,54.61,58.13
1362,0.05991861,61.48,60.52,63.9
1363,0.0496177,50.91,50.11,53.75
1364,0.07439258,76.33,75.14,78.16
1365,0.08155947,83.68,82.38,85.22
1366,0.06895232,70.75,69.64,72.8
1367,0.05529079,56.73,55.84,59.34
1368,0.04897529,50.25,49.47,53.12
1369,0.06576948,67.48,66.43,69.66
1370,0.07256426,74.45,73.29,76.36
1371,0.06228313,63.9,62.91,66.23
1372,0.0640206,65.69,64.66,67.94
1373,0.05719081,58.68,57.76,61.21
1374,0.05944509,60.99,60.04,63.43
1375,0.07256912,74.46,73.29,76.36
1376,0.05410661,55.51,54.65,58.17
1377,0.0651533,66.85,65.8,69.05
1378,0.05777818,59.28,58.36,61.79
1379,0.06039417,61.96,61.0,64.37
1380,0.0556176,57.06,56.17,59.66
1381,0.06266079,64.29,63.29,66.6
1382,0.05310119,54.48,53.63,57.18
1383,0.08551269,87.74,86.37,89.11
1384,0.06138852,62.98,62.0,65.35
1385,0.05034987,51.66,50.85,54.47
1386,0.06601167,67.73,66.67,69.9
1387,0.05448811,55.9,55.03,58.55
1388,0.08785762,90.14,88.74,91.42
1389,0.06251741,64.14,63.14,66.46
1390,0.07607871,78.06,76.84,79.82
1391,0.06321601,64.86,63.85,67.15
1392,0.06814557,69.92,68.83,72.0
1393,0.07229873,74.18,73.02,76.09
1394,0.04850229,49.76,48.99,52.65
1395,0.06138082,62.98,61.99,65.34
1396,0.05774906,59.25,58.33,61.76
1397,0.06374623,65.4,64.38,67.67
1398,0.06515166,66.85,65.8,69.05
1399,0.05064966,51.97,51.16,54.77
1400,0.05270415,54.07,53.23,56.79
1401,0.05819607,59.71,58.78,62.2
1402,0.05822902,59.74,58.81,62.23
1403,0.06850672,70.29,69.19,72.36
1404,0.06232043,63.94,62.94,66.26
1405,0.06056054,62.14,61.17,64.53
1406,0.0506122,51.93,51.12,54.73
1407,0.0727067,74.6,73.43,76.5
1408,0.06059693,62.17,61.2,64.57
1409,0.05328411,54.67,53.82,57.36
1410,0.08372879,85.91,84.57,87.36
1411,0.07265738,74.55,73.38,76.45
1412,0.04810428,49.35,48.59,52.26
1413,0.06114189,62.73,61.75,65.1
1414,0.05812726,59.64,58.71,62.13
1415,0.0534065,54.8,53.94,57.48
1416,0.06465313,66.33,65.3,68.56
1417,0.07765911,79.68,78.44,81.38
1418,0.05997044,61.53,60.57,63.95
1419,0.07041233,72.24,71.12,74.24
1420,0.06902869,70.82,69.72,72.87
1421,0.04517717,46.35,45.63,49.37
1422,0.05840199,59.92,58.99,62.4
1423,0.07422443,76.15,74.97,77.99
1424,0.06078993,62.37,61.4,64.76
1425,0.05591739,57.37,56.48,59.96
1426,0.05793345,59.44,58.51,61.94
1427,0.05411125,55.52,54.65,58.18
1428,0.07260891,74.5,73.33,76.4
1429,0.06048909,62.06,61.09,64.46
1430,0.05850785,60.03,59.09,62.51
1431,0.07652016,78.51,77.29,80.25
1432,0.04996767,51.27,50.47,54.09
1433,0.05958454,61.13,60.18,63.57
1434,0.05913253,60.67,59.72,63.12
1435,0.05775562,59.26,58.33,61.77
1436,0.06158296,63.18,62.2,65.54
1437,0.06051264,62.09,61.12,64.48
1438,0.06174042,63.35,62.36,65.69
1439,0.0527153,54.09,53.24,56.8
1440,0.06375496,65.41,64.39,67.68
1441,0.08481818,87.02,85.67,88.43
1442,0.06970302,71.52,70.4,73.54
1443,0.04991598,51.21,50.42,54.04
1444,0.07193537,73.81,72.65,75.74
1445,0.06975191,71.57,70.45,73.59
1446,0.06708292,68.83,67.75,70.96
1447,0.05918485,60.72,59.78,63.17
1448,0.07246213,74.35,73.19,76.26
1449,0.06901425,70.81,69.7,72.86
1450,0.05814848,59.66,58.73,62.15
1451,0.05771202,59.21,58.29,61.72
1452,0.05015271,51.46,50.65,54.28
1453,0.05428256,55.69,54.83,58.34
1454,0.06959282,71.4,70.29,73.43
1455,0.06212698,63.74,62.75,66.07
1456,0.05625255,57.72,56.82,60.29
1457,0.06262332,64.25,63.25,66.56
1458,0.06794183,69.71,68.62,71.8
1459,0.05336707,54.75,53.9,57.44
1460,0.05721725,58.7,57.79,61.24
1461,0.05102098,52.35,51.53,55.13
1462,0.05773762,59.24,58.31,61.75
1463,0.06109778,62.69,61.71,65.06
1464,0.05820194,59.72,58.78,62.21
1465,0.05205959,53.41,52.58,56.15
1466,0.05930006,60.84,59.89,63.29
1467,0.06165095,63.25,62.27,65.6
1468,0.06154717,63.15,62.16,65.5
1469,0.05001703,51.32,50.52,54.14
1470,0.05738762,58.88,57.96,61.4
1471,0.07004261,71.86,70.74,73.87
1472,0.06186564,63.47,62.48,65.82
1473,0.06393324,65.6,64.57,67.85
1474,0.06197927,63.59,62.6,65.93
1475,0.0728009,74.69,73.53,76.59
1476,0.06204604,63.66,62.67,65.99
1477,0.06457384,66.25,65.22,68.48
1478,0.04875541,50.02,49.24,52.9
1479,0.04492398,46.09,45.37,49.12
1480,0.06202347,63.64,62.64,65.97
1481,0.06197026,63.58,62.59,65.92
1482,0.05419079,55.6,54.73,58.25
1483,0.04537472,46.55,45.83,49.57
1484,0.05433612,55.75,54.88,58.4
1485,0.05479353,56.22,55.34,58.85
1486,0.05092218,52.25,51.43,55.03
1487,0.04791665,49.16,48.4,52.07
1488,0.06477342,66.46,65.42,68.68
1489,0.05680521,58.28,57.37,60.83
1490,0.05062429,51.94,51.13,54.74
1491,0.05093385,52.26,51.44,55.05
1492,0.07259422,74.48,73.32,76.39
1493,0.06907405,70.87,69.76,72.92
1494,0.06596025,67.68,66.62,69.85
1495,0.0647204,66.4,65.37,68.63
1496,0.06081659,62.4,61.42,64.78
1497,0.06465056,66.33,65.3,68.56
1498,0.05004585,51.35,50.55,54.17
1499,0.05326562,54.65,53.8,57.34
1500,0.08975679,92.09,90.65,93.29
1501,0.0759407,77.92,76.7,79.68
1502,0.06240181,64.02,63.03,66.34
1503,0.05509598,56.53,55.65,59.15
1504,0.07052372,72.36,71.23,74.35
1505,0.06759672,69.35,68.27,71.46
1506,0.06462332,66.3,65.27,68.53
1507,0.05404664,55.45,54.59,58.11
1508,0.04280053,43.91,43.23,47.03
1509,0.04917088,50.45,49.66,53.31
1510,0.07059401,72.43,71.3,74.41
1511,0.0610515,62.64,61.66,65.01
1512,0.06460198,66.28,65.25,68.51
1513,0.04770551,48.95,48.18,51.86
1514,0.06162469,63.23,62.24,65.58
1515,0.04868964,49.96,49.18,52.83
1516,0.06822998,70.0,68.91,72.09
1517,0.06208652,63.7,62.71,66.03
1518,0.05206621,53.42,52.59,56.16
1519,0.0647352,66.42,65.38,68.64
1520,0.05750108,59.0,58.08,61.52
1521,0.0771472,79.15,77.92,80.87
1522,0.06090103,62.48,61.51,64.87
1523,0.05525583,56.69,55.81,59.3
1524,0.05236431,53.73,52.89,56.45
1525,0.06949202,71.3,70.19,73.33
1526,0.06307823,64.72,63.71,67.01
1527,0.0608061,62.39,61.41,64.77
1528,0.055886,57.34,56.44,59.92
1529,0.08221053,84.35,83.03,85.86
1530,0.04844311,49.7,48.93,52.59
1531,0.05614988,57.61,56.71,60.18
1532,0.0585558,60.08,59.14,62.55
1533,0.05892525,60.46,59.51,62.92
1534,0.05182839,53.18,52.35,55.93
1535,0.04740038,48.63,47.87,51.56
1536,0.06039402,61.96,61.0,64.37
1537,0.05133053,52.67,51.84,55.44
1538,0.05259033,53.96,53.12,56.68
1539,0.06682772,68.57,67.5,70.7
1540,0.05667741,58.15,57.24,60.7
1541,0.05317953,54.56,53.71,57.26
1542,0.04966619,50.96,50.16,53.8
1543,0.0621293,63.74,62.75,66.08
1544,0.06063638,62.21,61.24,64.6
1545,0.05324667,54.63,53.78,57.32
1546,0.06645485,68.18,67.12,70.34
1547,0.05249879,53.86,53.02,56.59
1548,0.05783539,59.34,58.41,61.84
1549,0.06081695,62.4,61.43,64.78
1550,0.0527296,54.1,53.26,56.81
1551,0.06614744,67.87,66.81,70.03
1552,0.0595026,61.05,60.1,63.49
1553,0.0725705,74.46,73.3,76.36
1554,0.05516929,56.6,55.72,59.22
1555,0.05679669,58.27,57.36,60.82
1556,0.06557658,67.28,66.23,69.47
1557,0.05299705,54.37,53.53,57.08
1558,0.07760059,79.62,78.38,81.32
1559,0.06036999,61.94,60.97,64.34
1560,0.04900592,50.28,49.5,53.15
1561,0.0567568,58.23,57.32,60.78
1562,0.05932446,60.87,59.92,63.31
1563,0.04515038,46.32,45.6,49.35
1564,0.06036317,61.93,60.97,64.34
1565,0.06185027,63.46,62.47,65.8
1566,0.07035187,72.18,71.06,74.18
1567,0.04749073,48.73,47.97,51.65
1568,0.05306903,54.45,53.6,57.15
1569,0.06382578,65.49,64.46,67.75
1570,0.05953678,61.08,60.13,63.52
1571,0.05439055,55.8,54.93,58.45
1572,0.0613294,62.92,61.94,65.29
1573,0.04034742,41.4,40.75,44.62
1574,0.05951321,61.06,60.11,63.5
1575,0.05002924,51.33,50.53,54.15
1576,0.07658671,78.58,77.35,80.32
1577,0.0554826,56.93,56.04,59.53
1578,0.06560206,67.31,66.26,69.5
1579,0.0540309,55.44,54.57,58.1
1580,0.05441475,55.83,54.96,58.47
1581,0.06890233,70.69,69.59,72.75
1582,0.05876681,60.29,59.35,62.76
1583,0.08081381,82.91,81.62,84.48
1584,0.04794006,49.19,48.42,52.1
1585,0.05893359,60.47,59.52,62.93
1586,0.06355499,65.21,64.19,67.48
1587,0.07660564,78.6,77.37,80.34
1588,0.06850847,70.29,69.19,72.36
1589,0.08912212,91.44,90.01,92.67
1590,0.05071627,52.03,51.22,54.83
1591,0.06538443,67.08,66.04,69.28
1592,0.0568813,58.36,57.45,60.9
1593,0.0682499,70.02,68.93,72.11
1594,0.05031939,51.63,50.82,54.44
1595,0.05812844,59.64,58.71,62.13
1596,0.0592509,60.79,59.84,63.24
1597,0.05671345,58.19,57.28,60.74
1598,0.06967584,71.49,70.37,73.51
1599,0.04600242,47.2,46.46,50.19
1600,0.06994873,71.77,70.65,73.78
1601,0.05041815,51.73,50.92,54.54
1602,0.06272884,64.36,63.36,66.67
1603,0.0633316,64.98,63.96,67.26
1604,0.0652503,66.95,65.9,69.15
1605,0.05230094,53.66,52.82,56.39
1606,0.06012764,61.69,60.73,64.1
1607,0.08221018,84.35,83.03,85.86
1608,0.05605698,57.51,56.62,60.09
1609,0.05374793,55.15,54.29,57.82
1610,0.05351301,54.9,54.05,57.59
1611,0.06299037,64.63,63.62,66.92
1612,0.06600159,67.72,66.66,69.89
1613,0.06431284,65.98,64.96,68.23
1614,0.05870719,60.23,59.29,62.7
1615,0.05635093,57.82,56.91,60.38
1616,0.07624053,78.22,77.0,79.98
1617,0.05820861,59.72,58.79,62.21
1618,0.05533494,56.77,55.89,59.38
1619,0.05063675,51.95,51.14,54.75
1620,0.05797623,59.48,58.56,61.98
1621,0.06680886,68.55,67.48,70.69
1622,0.05884197,60.37,59.43,62.84
1623,0.0718925,73.76,72.61,75.69
1624,0.04826153,49.52,48.74,52.41
1625,0.05221692,53.57,52.74,56.31
1626,0.05562108,57.07,56.18,59.66
1627,0.05839667,59.91,58.98,62.4
1628,0.06011409,61.68,60.72,64.09
1629,0.06137049,62.97,61.98,65.33
1630,0.04222263,43.32,42.64,46.46
1631,0.05661053,58.08,57.18,60.64
1632,0.07514756,77.1,75.9,78.9
1633,0.0595731,61.12,60.17,63.56
1634,0.05257514,53.94,53.1,56.66
1635,0.06452357,66.2,65.17,68.43
1636,0.05691316,58.39,57.48,60.94
1637,0.07063571,72.47,71.34,74.46
1638,0.05008033,51.38,50.58,54.2
1639,0.06209201,63.71,62.71,66.04
1640,0.06513215,66.83,65.78,69.03
1641,0.05395654,55.36,54.5,58.02
1642,0.07409332,76.02,74.83,77.86
1643,0.0644574,66.13,65.1,68.37
1644,0.06568707,67.39,66.34,69.58
1645,0.07272684,74.62,73.45,76.52
1646,0.0563953,57.86,56.96,60.43
1647,0.05646687,57.94,57.03,60.5
1648,0.05982485,61.38,60.42,63.8
1649,0.05549708,56.94,56.05,59.54
1650,0.05849017,60.01,59.08,62.49
1651,0.04997249,51.27,50.47,54.1
1652,0.06236911,63.99,62.99,66.31
1653,0.05972693,61.28,60.32,63.71
1654,0.06765583,69.41,68.33,71.52
1655,0.05056368,51.88,51.07,54.68
1656,0.05860111,60.12,59.19,62.6
1657,0.0714131,73.27,72.13,75.22
1658,0.04944638,50.73,49.94,53.58
1659,0.06966032,71.47,70.36,73.49
1660,0.0510727,52.4,51.58,55.18
1661,0.05319533,54.58,53.73,57.27
1662,0.05918362,60.72,59.78,63.17
1663,0.04388069,45.02,44.32,48.1
1664,0.05975134,61.3,60.35,63.73
1665,0.07942255,81.49,80.22,83.11
1666,0.07637859,78.36,77.14,80.11
1667,0.07685847,78.86,77.63,80.59
1668,0.05746602,58.96,58.04,61.48
1669,0.06022915,61.8,60.83,64.2
1670,0.06143584,63.03,62.05,65.39
1671,0.04562038,46.81,46.08,49.81
1672,0.04979671,51.09,50.29,53.92
1673,0.05904973,60.59,59.64,63.04
1674,0.0532107,54.59,53.74,57.29
1675,0.06651205,68.24,67.18,70.39
1676,0.06370269,65.36,64.34,67.63
1677,0.07010978,71.93,70.81,73.94
1678,0.05197556,53.33,52.5,56.07
1679,0.06093615,62.52,61.55,64.9
1680,0.058081,59.59,58.66,62.09
1681,0.04979026,51.08,50.29,53.92
1682,0.06792892,69.7,68.61,71.79
1683,0.06130684,62.9,61.92,65.26
1684,0.05045026,51.76,50.95,54.57
1685,0.05377881,55.18,54.32,57.85
1686,0.04655079,47.76,47.02,50.73
1687,0.07265598,74.55,73.38,76.45
1688,0.0580362,59.55,58.62,62.04
1689,0.05462156,56.04,55.17,58.68
1690,0.04868496,49.95,49.17,52.83
1691,0.05521337,56.65,55.77,59.26
1692,0.0618344,63.44,62.45,65.78
1693,0.0679586,69.73,68.64,71.82
1694,0.05652115,57.99,57.09,60.55
1695,0.05712888,58.61,57.7,61.15
1696,0.06344168,65.09,64.08,67.37
1697,0.05789627,59.4,58.48,61.9
1698,0.08988892,92.23,90.79,93.42
1699,0.06056012,62.13,61.17,64.53
1700,0.06594459,67.66,66.6,69.83
1701,0.05463671,56.06,55.18,58.69
1702,0.06287056,64.51,63.5,66.81
1703,0.05072072,52.04,51.23,54.84
1704,0.05336707,54.75,53.9,57.44
1705,0.05723462,58.72,57.81,61.25
1706,0.0549189,56.35,55.47,58.97
1707,0.06257788,64.2,63.2,66.52
1708,0.06678857,68.53,67.46,70.67
1709,0.06367814,65.33,64.31,67.6
1710,0.05979057,61.35,60.39,63.77
1711,0.04552511,46.71,45.98,49.72
1712,0.07064006,72.48,71.35,74.46
1713,0.05097069,52.3,51.48,55.08
1714,0.05709453,58.58,57.67,61.11
1715,0.06684063,68.58,67.51,70.72
1716,0.05870395,60.23,59.29,62.7
1717,0.05874446,60.27,59.33,62.74
1718,0.06886561,70.66,69.55,72.71
1719,0.0607543,62.33,61.36,64.72
1720,0.06842805,70.21,69.11,72.28
1721,0.0390553,40.07,39.45,43.34
1722,0.06525278,66.95,65.91,69.15
1723,0.05965098,61.2,60.25,63.63
1724,0.05828384,59.8,58.87,62.29
1725,0.04160292,42.68,42.02,45.85
1726,0.04257003,43.68,43.0,46.8
1727,0.05988062,61.44,60.48,63.86
1728,0.05544034,56.88,55.99,59.49
1729,0.05650462,57.97,57.07,60.53
1730,0.0513511,52.69,51.86,55.46
1731,0.05903976,60.57,59.63,63.03
1732,0.04920616,50.49,49.7,53.34
1733,0.05529064,56.73,55.84,59.34
1734,0.0563575,57.82,56.92,60.39
1735,0.053572,54.96,54.11,57.64
1736,0.05062094,51.94,51.13,54.74
1737,0.05661275,58.08,57.18,60.64
1738,0.04899389,50.27,49.48,53.13
1739,0.0589889,60.52,59.58,62.98
1740,0.0476596,48.9,48.14,51.82
1741,0.04729445,48.52,47.77,51.46
1742,0.06685197,68.59,67.52,70.73
1743,0.05189198,53.24,52.41,55.99
1744,0.0651438,66.84,65.8,69.05
1745,0.0485605,49.82,49.05,52.71
1746,0.066057,67.77,66.72,69.94
1747,0.04515426,46.33,45.61,49.35
1748,0.04886863,50.14,49.36,53.01
1749,0.05460778,56.03,55.15,58.66
1750,0.06271277,64.34,63.34,66.65
1751,0.05859583,60.12,59.18,62.59
1752,0.06030729,61.88,60.91,64.28
1753,0.06865931,70.44,69.35,72.51
1754,0.05266362,54.03,53.19,56.75
1755,0.05655231,58.02,57.12,60.58
1756,0.04629531,47.5,46.76,50.48
1757,0.05216541,53.52,52.69,56.26
1758,0.06274219,64.37,63.37,66.68
1759,0.05196373,53.31,52.48,56.06
1760,0.06318926,64.83,63.82,67.12
1761,0.05413443,55.54,54.68,58.2
1762,0.06059201,62.17,61.2,64.56
1763,0.05620182,57.66,56.76,60.24
1764,0.04773463,48.98,48.21,51.89
1765,0.068961,70.75,69.65,72.81
1766,0.06816217,69.93,68.84,72.02
1767,0.0568252,58.3,57.39,60.85
1768,0.06523777,66.93,65.89,69.14
1769,0.04876821,50.04,49.26,52.91
1770,0.06698934,68.73,67.66,70.86
1771,0.05057572,51.89,51.08,54.69
1772,0.05194791,53.3,52.47,56.04
1773,0.06671352,68.45,67.38,70.59
1774,0.05793887,59.45,58.52,61.95
1775,0.0436747,44.81,44.11,47.89
1776,0.0497857,51.08,50.28,53.91
1777,0.05713163,58.62,57.7,61.15
1778,0.05474116,56.16,55.29,58.8
1779,0.05130135,52.64,51.81,55.41
1780,0.06424573,65.92,64.89,68.16
1781,0.04860317,49.87,49.09,52.75
1782,0.05908805,60.62,59.68,63.08
1783,0.06588046,67.59,66.54,69.77
1784,0.0559546,57.41,56.51,59.99
1785,0.06901202,70.81,69.7,72.86
1786,0.06364385,65.3,64.28,67.57
1787,0.04634612,47.55,46.81,50.53
1788,0.05661233,58.08,57.18,60.64
1789,0.05772637,59.23,58.3,61.74
1790,0.05521507,56.65,55.77,59.26
1791,0.05055848,51.87,51.06,54.68
1792,0.05377546,55.17,54.31,57.84
1793,0.05527416,56.71,55.83,59.32
1794,0.06970565,71.52,70.4,73.54
1795,0.05345181,54.84,53.99,57.53
1796,0.06475832,66.44,65.41,68.67
1797,0.06216446,63.78,62.79,66.11
1798,0.0586074,60.13,59.19,62.61
1799,0.05741145,58.9,57.99,61.43
1800,0.06077819,62.36,61.39,64.74
1801,0.06113394,62.72,61.75,65.09
1802,0.05964971,61.2,60.25,63.63
1803,0.06704169,68.78,67.71,70.91
1804,0.06052478,62.1,61.13,64.49
1805,0.05364806,55.04,54.18,57.72
1806,0.05498468,56.41,55.53,59.04
1807,0.05053475,51.85,51.04,54.65
1808,0.06058901,62.16,61.19,64.56
1809,0.04954808,50.84,50.04,53.68
1810,0.0527419,54.11,53.27,56.83
1811,0.05391351,55.32,54.45,57.98
1812,0.05771899,59.22,58.3,61.73
1813,0.06925942,71.06,69.95,73.1
1814,0.06163078,63.23,62.25,65.58
1815,0.05853075,60.05,59.12,62.53
1816,0.05803878,59.55,58.62,62.05
1817,0.0543355,55.75,54.88,58.4
1818,0.06571067,67.42,66.37,69.6
1819,0.05788574,59.39,58.46,61.89
1820,0.05458001,56.0,55.13,58.64
1821,0.05411631,55.52,54.66,58.18
1822,0.06331614,64.96,63.95,67.24
1823,0.06522262,66.92,65.87,69.12
1824,0.04898789,50.26,49.48,53.13
1825,0.06943452,71.24,70.13,73.27
1826,0.06238295,64.0,63.01,66.33
1827,0.07505874,77.01,75.81,78.81
1828,0.05973953,61.29,60.34,63.72
1829,0.06089657,62.48,61.51,64.86
1830,0.05552439,56.97,56.08,59.57
1831,0.06463945,66.32,65.29,68.55
1832,0.05328983,54.68,53.82,57.37
1833,0.06557007,67.27,66.23,69.47
1834,0.08892444,91.24,89.81,92.47
1835,0.05754919,59.05,58.12,61.56
1836,0.05035613,51.67,50.86,54.48
1837,0.05315536,54.54,53.69,57.23
1838,0.05743921,58.93,58.01,61.45
1839,0.04969044,50.98,50.19,53.82
1840,0.04175451,42.84,42.17,46.0
1841,0.06398328,65.65,64.62,67.9
1842,0.06160184,63.2,62.22,65.56
1843,0.04568836,46.88,46.15,49.88
1844,0.05085392,52.18,51.36,54.97
1845,0.05408743,55.49,54.63,58.15
1846,0.04782476,49.07,48.3,51.98
1847,0.05680194,58.28,57.37,60.83
1848,0.06970088,71.51,70.4,73.53
1849,0.04917939,50.46,49.67,53.32
1850,0.0536299,55.02,54.17,57.7
1851,0.05530819,56.75,55.86,59.35
1852,0.05940504,60.95,60.0,63.39
1853,0.05641807,57.88,56.98,60.45
1854,0.05241821,53.78,52.94,56.51
1855,0.06215896,63.78,62.78,66.1
1856,0.0651731,66.87,65.82,69.07
1857,0.05931094,60.85,59.9,63.3
1858,0.05730916,58.8,57.88,61.33
1859,0.05325654,54.64,53.79,57.33
1860,0.05567621,57.12,56.23,59.72
1861,0.06460173,66.28,65.25,68.51
1862,0.0485364,49.8,49.02,52.68
1863,0.04644103,47.65,46.91,50.62
1864,0.05366709,55.06,54.2,57.74
1865,0.06103829,62.63,61.65,65.0
1866,0.07895989,81.01,79.75,82.66
1867,0.07111487,72.96,71.83,74.93
1868,0.08044641,82.54,81.25,84.12
1869,0.06894996,70.74,69.64,72.8
1870,0.0596197,61.17,60.22,63.6
1871,0.07092151,72.77,71.63,74.74
1872,0.05087436,52.2,51.38,54.99
1873,0.0526333,54.0,53.16,56.72
1874,0.06629187,68.02,66.95,70.18
1875,0.05254748,53.91,53.07,56.63
1876,0.05275997,54.13,53.29,56.84
1877,0.05975469,61.31,60.35,63.74
1878,0.07451622,76.45,75.26,78.28
1879,0.05394976,55.35,54.49,58.02
1880,0.05212094,53.48,52.64,56.21
1881,0.05905909,60.59,59.65,63.05
1882,0.05464813,56.07,55.19,58.7
1883,0.06393141,65.59,64.57,67.85
1884,0.04551962,46.7,45.97,49.71
1885,0.05379825,55.2,54.34,57.87
1886,0.07407015,76.0,74.81,77.84
1887,0.06401008,65.67,64.65,67.93
1888,0.07405432,75.98,74.79,77.82
1889,0.05523562,56.67,55.79,59.28
1890,0.05126413,52.6,51.78,55.37
1891,0.05224573,53.6,52.77,56.34
1892,0.05005033,51.35,50.55,54.17
1893,0.05304578,54.42,53.58,57.13
1894,0.06774973,69.51,68.43,71.61
1895,0.0696886,71.5,70.39,73.52
1896,0.06759881,69.36,68.27,71.46
1897,0.06554066,67.24,66.2,69.44
1898,0.05947985,61.03,60.07,63.46
1899,0.06636803,68.09,67.03,70.25
1900,0.05401721,55.42,54.56,58.08
1901,0.06465958,66.34,65.31,68.57
1902,0.0558205,57.27,56.38,59.86
1903,0.07847839,80.52,79.26,82.18
1904,0.05848869,60.01,59.07,62.49
1905,0.05660154,58.07,57.17,60.63
1906,0.06525493,66.95,65.91,69.15
1907,0.0539299,55.33,54.47,58.0
1908,0.05030611,51.61,50.81,54.43
1909,0.05007418,51.38,50.57,54.2
1910,0.06118445,62.78,61.8,65.14
1911,0.05022865,51.53,50.73,54.35
1912,0.05972122,61.27,60.32,63.7
1913,0.07332121,75.23,74.05,77.1
1914,0.05669261,58.17,57.26,60.72
1915,0.04512933,46.3,45.58,49.33
1916,0.06347462,65.12,64.11,67.4
1917,0.05641647,57.88,56.98,60.45
1918,0.05563409,57.08,56.19,59.68
1919,0.06090687,62.49,61.52,64.87
1920,0.05359691,54.99,54.13,57.67
1921,0.05453412,55.95,55.08,58.59
1922,0.06508297,66.78,65.73,68.99
1923,0.06304832,64.69,63.68,66.98
1924,0.06621177,67.93,66.87,70.1
1925,0.0692419,71.04,69.93,73.08
1926,0.06206408,63.68,62.68,66.01
1927,0.0576529,59.15,58.23,61.66
1928,0.0557191,57.17,56.28,59.76
1929,0.04462827,45.79,45.07,48.83
1930,0.06021028,61.78,60.81,64.18
1931,0.05762196,59.12,58.2,61.63
1932,0.06240467,64.03,63.03,66.35
1933,0.04767121,48.91,48.15,51.83
1934,0.0800771,82.16,80.88,83.76
1935,0.05044744,51.76,50.95,54.57
1936,0.05075066,52.07,51.26,54.86
1937,0.06322349,64.87,63.86,67.15
1938,0.05953655,61.08,60.13,63.52
1939,0.06725965,69.01,67.93,71.13
1940,0.04846287,49.72,48.95,52.61
1941,0.05259677,53.96,53.12,56.68
1942,0.06506061,66.75,65.71,68.96
1943,0.0628948,64.53,63.52,66.83
1944,0.04894439,50.22,49.43,53.09
1945,0.06367129,65.33,64.31,67.59
1946,0.0518297,53.18,52.35,55.93
1947,0.05318572,54.57,53.72,57.26
1948,0.06819503,69.97,68.88,72.05
1949,0.05875747,60.29,59.35,62.75
1950,0.04958539,50.87,50.08,53.72
1951,0.05542575,56.87,55.98,59.47
1952,0.05670575,58.18,57.27,60.73
1953,0.06312239,64.76,63.75,67.05
1954,0.05229948,53.66,52.82,56.39
1955,0.06678708,68.52,67.45,70.66
1956,0.06529215,66.99,65.95,69.19
1957,0.05258185,53.95,53.11,56.67
1958,0.07973042,81.8,80.53,83.42
1959,0.05810199,59.61,58.68,62.11
1960,0.05641516,57.88,56.98,60.45
1961,0.05048156,51.79,50.99,54.6
1962,0.06374162,65.4,64.38,67.66
1963,0.06508682,66.78,65.74,68.99
1964,0.05669774,58.17,57.26,60.72
1965,0.05846058,59.98,59.05,62.46
1966,0.07474642,76.69,75.49,78.51
1967,0.06760411,69.36,68.28,71.47
1968,0.04951116,50.8,50.01,53.64
1969,0.05562321,57.07,56.18,59.67
1970,0.05510319,56.54,55.65,59.15
1971,0.07779177,79.81,78.57,81.51
1972,0.05413032,55.54,54.67,58.19
1973,0.06265357,64.28,63.28,66.59
1974,0.07116671,73.02,71.88,74.98
1975,0.06513574,66.83,65.79,69.04
1976,0.05305785,54.44,53.59,57.14
1977,0.05708332,58.57,57.65,61.1
1978,0.05956217,61.11,60.16,63.55
1979,0.0606275,62.2,61.23,64.6
1980,0.04609508,47.29,46.56,50.28
1981,0.05987271,61.43,60.47,63.85
1982,0.06216999,63.79,62.79,66.12
1983,0.05590792,57.36,56.47,59.95
1984,0.05391318,55.31,54.45,57.98
1985,0.06750194,69.26,68.18,71.37
1986,0.06542122,67.12,66.08,69.32
1987,0.0474094,48.64,47.88,51.57
1988,0.09157317,93.95,92.49,95.08
1989,0.05513846,56.57,55.69,59.19
1990,0.05529553,56.73,55.85,59.34
1991,0.04675315,47.97,47.22,50.93
1992,0.06342954,65.08,64.06,67.36
1993,0.07838799,80.43,79.17,82.09
1994,0.0632377,64.88,63.87,67.17
1995,0.05932287,60.87,59.92,63.31
1996,0.05020561,51.51,50.71,54.33
1997,0.06184164,63.45,62.46,65.79
1998,0.06614037,67.86,66.8,70.03
1999,0.05094473,52.27,51.45,55.06
2000,0.05904617,60.58,59.64,63.04
2001,0.05854151,60.06,59.13,62.54
2002,0.04418233,45.33,44.62,48.39
2003,0.07797166,80.0,78.75,81.68
2004,0.07249302,74.38,73.22,76.29
2005,0.06052672,62.1,61.13,64.5
2006,0.06364328,65.3,64.28,67.57
2007,0.06329199,64.94,63.92,67.22
2008,0.06613455,67.85,66.8,70.02
2009,0.04741412,48.65,47.89,51.58
2010,0.05822207,59.74,58.8,62.23
2011,0.05059882,51.91,51.1,54.72
2012,0.06513374,66.83,65.79,69.04
2013,0.06250548,64.13,63.13,66.45
2014,0.06030959,61.88,60.91,64.28
2015,0.04632303,47.53,46.79,50.5
2016,0.06412076,65.79,64.76,68.04
2017,0.06415822,65.83,64.8,68.07
2018,0.05205209,53.41,52.57,56.15
2019,0.06087774,62.46,61.49,64.84
2020,0.06109278,62.68,61.7,65.05
2021,0.06068205,62.26,61.29,64.65
2022,0.04528451,46.46,45.74,49.48
2023,0.05674287,58.22,57.31,60.77
2024,0.05605186,57.51,56.61,60.09
2025,0.05193423,53.28,52.45,56.03
2026,0.06182669,63.43,62.44,65.78
2027,0.0714569,73.31,72.17,75.26
2028,0.07636877,78.35,77.13,80.1
2029,0.05176122,53.11,52.28,55.86
2030,0.07179224,73.66,72.51,75.6
2031,0.04066687,41.72,41.07,44.93
2032,0.06119245,62.78,61.8,65.15
2033,0.06750989,69.27,68.18,71.38
2034,0.05935545,60.9,59.95,63.34
2035,0.05040951,51.72,50.91,54.53
2036,0.06374839,65.41,64.39,67.67
2037,0.05837657,59.89,58.96,62.38
2038,0.06894857,70.74,69.64,72.79
2039,0.0623036,63.92,62.93,66.25
2040,0.07207638,73.95,72.8,75.88
2041,0.07115745,73.01,71.87,74.97
2042,0.05879704,60.33,59.39,62.79
2043,0.06223327,63.85,62.86,66.18
2044,0.06752674,69.28,68.2,71.39
2045,0.06957499,71.38,70.27,73.41
2046,0.06668478,68.42,67.35,70.56
2047,0.05744867,58.94,58.02,61.46
2048,0.06682914,68.57,67.5,70.71
2049,0.05653859,58.01,57.1,60.57
2050,0.04646974,47.68,46.93,50.65
2051,0.05636664,57.83,56.93,60.4
2052,0.04954652,50.83,50.04,53.68
2053,0.06897621,70.77,69.67,72.82
2054,0.04534729,46.53,45.8,49.54
2055,0.05774356,59.24,58.32,61.75
2056,0.05003727,51.34,50.54,54.16
2057,0.06284426,64.48,63.47,66.78
2058,0.05636134,57.83,56.92,60.39
2059,0.04940511,50.69,49.9,53.54
2060,0.05672747,58.2,57.29,60.75
2061,0.05151514,52.85,52.03,55.62
2062,0.05387843,55.28,54.42,57.95
2063,0.05785733,59.36,58.44,61.87
2064,0.05848938,60.01,59.07,62.49
2065,0.06026157,61.83,60.86,64.24
2066,0.07529277,77.25,76.05,79.04
2067,0.05542242,56.86,55.98,59.47
2068,0.06594866,67.66,66.61,69.84
2069,0.06174278,63.35,62.36,65.69
2070,0.06197434,63.59,62.59,65.92
2071,0.06270502,64.34,63.33,66.64
2072,0.04977131,51.07,50.27,53.9
2073,0.06320441,64.85,63.84,67.13
2074,0.05115118,52.48,51.66,55.26
2075,0.05595675,57.41,56.52,59.99
2076,0.0599628,61.52,60.56,63.94
2077,0.06565986,67.37,66.32,69.55
2078,0.06023564,61.8,60.84,64.21
2079,0.06365872,65.31,64.3,67.58
2080,0.0452831,46.46,45.74,49.48
2081,0.06260763,64.24,63.23,66.55
2082,0.04771742,48.96,48.19,51.88
2083,0.06060089,62.18,61.21,64.57
2084,0.05418283,55.59,54.72,58.25
2085,0.05848158,60.0,59.07,62.48
2086,0.06158195,63.18,62.2,65.54
2087,0.04615944,47.36,46.62,50.34
2088,0.060663,62.24,61.27,64.63
2089,0.0707246,72.56,71.43,74.54
2090,0.06258427,64.21,63.21,66.52
2091,0.06130897,62.9,61.92,65.27
2092,0.06565067,67.36,66.31,69.54
2093,0.05867286,60.2,59.26,62.67
2094,0.07028722,72.11,70.99,74.11
2095,0.05375556,55.15,54.29,57.83
2096,0.04776952,49.01,48.25,51.93
2097,0.0631309,64.77,63.76,67.06
2098,0.05766819,59.17,58.24,61.68
2099,0.05689107,58.37,57.46,60.91
2100,0.06650648,68.24,67.17,70.39
2101,0.04876242,50.03,49.25,52.91
2102,0.07588109,77.85,76.64,79.62
2103,0.06235713,63.98,62.98,66.3
2104,0.04997767,51.28,50.48,54.1
2105,0.04896951,50.24,49.46,53.11
2106,0.06066342,62.24,61.27,64.63
2107,0.06534241,67.04,66.0,69.24
2108,0.04896308,50.24,49.45,53.1
2109,0.0594216,60.97,60.02,63.41
2110,0.05701386,58.5,57.58,61.04
2111,0.06812521,69.9,68.81,71.98
2112,0.05853156,60.05,59.12,62.53
2113,0.05643314,57.9,57.0,60.46
2114,0.05546113,56.9,56.02,59.51
2115,0.04663289,47.85,47.1,50.81
2116,0.06172097,63.33,62.34,65.67
2117,0.05827806,59.79,58.86,62.28
2118,0.05265803,54.03,53.18,56.74
2119,0.06864574,70.43,69.33,72.5
2120,0.06191402,63.52,62.53,65.86
2121,0.06495008,66.64,65.6,68.85
2122,0.0686768,70.46,69.36,72.53
2123,0.05647628,57.94,57.04,60.51
2124,0.06111233,62.7,61.72,65.07
2125,0.06835053,70.13,69.03,72.2
2126,0.06042646,62.0,61.03,64.4
2127,0.06666425,68.4,67.33,70.54
2128,0.06783315,69.6,68.51,71.69
2129,0.09183464,94.22,92.75,95.34
2130,0.05023403,51.54,50.74,54.36
2131,0.05929908,60.84,59.89,63.29
2132,0.06469894,66.38,65.35,68.61
2133,0.04780809,49.05,48.29,51.97
2134,0.06362414,65.28,64.26,67.55
2135,0.05478378,56.21,55.33,58.84
2136,0.07290543,74.8,73.63,76.69
2137,0.06260651,64.23,63.23,66.55
2138,0.06775604,69.52,68.43,71.62
2139,0.07642895,78.42,77.19,80.16
2140,0.05488161,56.31,55.43,58.93
2141,0.06716933,68.92,67.84,71.04
2142,0.05623833,57.7,56.8,60.27
2143,0.05566532,57.11,56.22,59.71
2144,0.05291847,54.29,53.45,57.0
2145,0.05425045,55.66,54.79,58.31
2146,0.05737134,58.86,57.95,61.39
2147,0.0628107,64.44,63.44,66.75
2148,0.06048589,62.06,61.09,64.46
2149,0.06500991,66.7,65.66,68.91
2150,0.05426996,55.68,54.81,58.33
2151,0.06247665,64.1,63.1,66.42
2152,0.06590469,67.62,66.56,69.79
2153,0.07694543,78.95,77.71,80.67
2154,0.06970027,71.51,70.4,73.53
2155,0.07068357,72.52,71.39,74.5
2156,0.04501763,46.19,45.47,49.22
2157,0.05437156,55.79,54.92,58.43
2158,0.05750175,59.0,58.08,61.52
2159,0.04946356,50.75,49.96,53.6
2160,0.05314226,54.52,53.67,57.22
2161,0.05765996,59.16,58.24,61.67
2162,0.07565994,77.63,76.42,79.41
2163,0.0585289,60.05,59.11,62.53
2164,0.05698065,58.46,57.55,61.0
2165,0.05327154,54.66,53.8,57.35
2166,0.05877567,60.3,59.36,62.77
2167,0.07289092,74.79,73.62,76.68
2168,0.06124297,62.84,61.86,65.2
2169,0.05034663,51.66,50.85,54.47
2170,0.0623826,64.0,63.01,66.32
2171,0.05810811,59.62,58.69,62.11
2172,0.0638697,65.53,64.51,67.79
2173,0.06233152,63.95,62.95,66.27
2174,0.06054924,62.12,61.15,64.52
2175,0.0644497,66.13,65.09,68.36
2176,0.0541545,55.56,54.7,58.22
2177,0.04746591,48.7,47.94,51.63
2178,0.05675053,58.23,57.32,60.78
2179,0.08381649,86.0,84.65,87.44
2180,0.07189985,73.77,72.62,75.7
2181,0.05607771,57.54,56.64,60.11
2182,0.07309953,75.0,73.83,76.88
2183,0.05722477,58.71,57.8,61.24
2184,0.06429292,65.96,64.94,68.21
2185,0.09359665,96.03,94.53,97.08
2186,0.06161635,63.22,62.23,65.57
2187,0.066188,67.91,66.85,70.07
2188,0.0615929,63.19,62.21,65.55
2189,0.0526244,53.99,53.15,56.71
2190,0.0517602,53.11,52.28,55.86
2191,0.06411596,65.78,64.76,68.03
2192,0.05295641,54.33,53.49,57.04
2193,0.06312974,64.77,63.76,67.06
2194,0.07498684,76.94,75.74,78.74
2195,0.048765,50.03,49.25,52.91
2196,0.06572795,67.44,66.39,69.62
2197,0.0486724,49.94,49.16,52.82
2198,0.05170973,53.05,52.23,55.81
2199,0.05370762,55.1,54.24,57.78
2200,0.05416449,55.57,54.71,58.23
2201,0.06674736,68.48,67.41,70.62
2202,0.05664372,58.12,57.21,60.67
2203,0.05129122,52.62,51.8,55.4
2204,0.06200582,63.62,62.63,65.95
2205,0.05972638,61.28,60.32,63.71
2206,0.05600435,57.46,56.56,60.04
2207,0.06086281,62.45,61.47,64.83
2208,0.08169115,83.82,82.51,85.35
